studentID,class_size,year,math_score
1000,small,1982,473
1000,small,1983,538
1000,small,1984,579
1000,small,1985,618
1001,regular,1982,559
1001,regular,1983,584
1001,regular,1984,639
1001,regular,1985,681
1002,small,1982,489
1002,small,1983,545
1002,small,1984,603
1002,small,1985,673
1003,regular,1982,454
1003,regular,1983,553
1003,regular,1984,579
1003,regular,1985,586
1004,regular,1982,500
1004,regular,1983,567
1004,regular,1984,587
1004,regular,1985,664
1005,small,1982,439
1005,small,1983,461
1005,small,1984,584
1005,small,1985,621
1006,small,1982,528
1006,small,1983,507
1006,small,1984,546
1006,small,1985,631
1007,regular,1982,473
1007,regular,1983,567
1007,regular,1984,615
1007,regular,1985,642
1008,small,1982,559
1008,small,1983,584
1008,small,1984,632
1008,small,1985,709
1009,small,1982,494
1009,small,1983,512
1009,small,1984,590
1009,small,1985,622
1010,small,1982,478
1010,small,1983,502
1010,small,1984,568
1010,small,1985,635
1011,small,1982,602
1011,small,1983,515
1011,small,1984,587
1011,small,1985,639
1012,small,1982,434
1012,small,1983,497
1012,small,1984,517
1012,small,1985,607
1013,small,1982,559
1013,small,1983,542
1013,small,1984,572
1013,small,1985,607
1014,small,1982,459
1014,small,1983,526
1014,small,1984,557
1014,small,1985,614
1015,small,1982,576
1015,small,1983,601
1015,small,1984,620
1015,small,1985,725
1016,regular,1982,484
1016,regular,1983,567
1016,regular,1984,626
1016,regular,1985,660
1017,small,1982,602
1017,small,1983,612
1017,small,1984,699
1017,small,1985,751
1018,small,1982,500
1018,small,1983,497
1018,small,1984,528
1018,small,1985,610
1019,small,1982,468
1019,small,1983,542
1019,small,1984,577
1019,small,1985,639
1020,small,1982,559
1020,small,1983,627
1020,small,1984,626
1020,small,1985,703
1021,small,1982,626
1021,small,1983,472
1021,small,1984,541
1021,small,1985,628
1022,regular,1982,506
1022,regular,1983,553
1022,regular,1984,639
1022,regular,1985,628
1023,small,1982,500
1023,small,1983,578
1023,small,1984,632
1023,small,1985,716
1024,small,1982,520
1024,small,1983,601
1024,small,1984,659
1024,small,1985,709
1025,small,1982,468
1025,small,1983,477
1025,small,1984,572
1025,small,1985,584
1026,small,1982,506
1026,small,1983,500
1026,small,1984,522
1026,small,1985,540
1027,small,1982,468
1027,small,1983,520
1027,small,1984,639
1027,small,1985,673
1028,regular,1982,500
1028,regular,1983,549
1028,regular,1984,596
1028,regular,1985,613
1029,small,1982,484
1029,small,1983,557
1029,small,1984,590
1029,small,1985,659
1030,small,1982,489
1030,small,1983,545
1030,small,1984,620
1030,small,1985,637
1031,small,1983,515
1031,small,1984,611
1031,small,1985,716
1032,regular,1982,559
1032,regular,1983,572
1032,regular,1984,615
1032,regular,1985,623
1033,small,1982,559
1033,small,1983,567
1033,small,1984,607
1033,small,1985,639
1034,small,1982,576
1034,small,1983,592
1034,small,1984,699
1034,small,1985,725
1035,regular,1982,536
1035,regular,1983,567
1035,regular,1984,582
1035,regular,1985,631
1036,small,1982,423
1036,small,1983,439
1036,small,1984,469
1037,small,1982,484
1037,small,1983,505
1037,small,1984,548
1037,small,1985,651
1038,small,1982,513
1038,small,1983,542
1038,small,1984,607
1038,small,1985,661
1039,small,1982,459
1039,small,1983,572
1039,small,1984,620
1039,small,1985,608
1040,small,1982,513
1040,small,1983,535
1040,small,1984,552
1040,small,1985,692
1041,small,1982,459
1041,small,1983,545
1041,small,1984,572
1041,small,1985,622
1042,regular,1982,494
1042,regular,1983,538
1042,regular,1984,579
1042,regular,1985,615
1043,small,1982,444
1043,small,1983,493
1043,small,1984,572
1043,small,1985,595
1044,small,1982,513
1044,small,1983,601
1044,small,1984,648
1044,small,1985,676
1045,regular,1982,513
1045,regular,1983,502
1045,regular,1984,525
1045,regular,1985,565
1046,small,1982,506
1046,small,1983,532
1046,small,1984,611
1046,small,1985,641
1047,small,1982,520
1047,small,1983,532
1047,small,1984,557
1047,small,1985,610
1048,small,1982,536
1048,small,1983,567
1048,small,1984,579
1048,small,1985,639
1049,small,1982,513
1049,small,1983,562
1049,small,1984,577
1049,small,1985,616
1050,small,1982,468
1050,small,1983,500
1050,small,1984,572
1050,small,1985,631
1051,regular,1982,463
1051,regular,1983,497
1051,regular,1984,530
1051,regular,1985,573
1052,small,1982,454
1052,small,1983,477
1052,small,1984,543
1052,small,1985,613
1053,small,1982,484
1053,small,1983,529
1053,small,1984,563
1053,small,1985,608
1054,small,1982,423
1054,small,1983,493
1054,small,1984,603
1054,small,1985,680
1055,regular,1982,463
1055,regular,1983,518
1055,regular,1984,541
1055,regular,1985,593
1056,regular,1982,478
1056,regular,1983,562
1056,regular,1984,593
1056,regular,1985,619
1057,regular,1983,532
1057,regular,1984,599
1057,regular,1985,619
1058,regular,1982,500
1058,regular,1983,557
1058,regular,1984,590
1059,small,1982,506
1059,small,1983,553
1059,small,1984,548
1059,small,1985,680
1060,regular,1982,494
1060,regular,1983,592
1060,regular,1984,674
1060,regular,1985,688
1061,small,1982,484
1061,small,1983,557
1061,small,1984,639
1061,small,1985,633
1062,regular,1982,468
1062,regular,1983,512
1062,regular,1984,561
1062,regular,1985,558
1063,small,1982,528
1063,small,1983,557
1063,small,1984,579
1063,small,1985,659
1064,regular,1982,559
1064,regular,1983,601
1064,regular,1984,648
1064,regular,1985,688
1065,small,1982,576
1065,small,1983,612
1065,small,1984,674
1065,small,1985,736
1066,regular,1982,439
1066,regular,1983,520
1066,regular,1984,554
1066,regular,1985,586
1067,small,1982,547
1067,small,1983,592
1067,small,1984,607
1067,small,1985,692
1068,small,1982,459
1068,small,1983,529
1068,small,1984,559
1068,small,1985,670
1069,small,1982,536
1069,small,1983,535
1069,small,1984,536
1069,small,1985,629
1070,small,1982,478
1070,small,1983,532
1070,small,1984,577
1070,small,1985,651
1071,small,1982,473
1071,small,1983,535
1071,small,1984,559
1071,small,1985,628
1072,small,1982,536
1072,small,1983,549
1072,small,1984,563
1072,small,1985,628
1073,regular,1982,494
1073,regular,1983,529
1073,regular,1984,570
1073,regular,1985,600
1074,regular,1982,473
1074,regular,1983,538
1074,regular,1984,541
1074,regular,1985,556
1075,small,1982,626
1075,small,1983,601
1075,small,1984,699
1075,small,1985,725
1076,regular,1982,468
1076,regular,1983,500
1076,regular,1984,632
1076,regular,1985,626
1077,small,1983,532
1077,small,1984,559
1077,small,1985,628
1078,small,1982,473
1078,small,1983,562
1078,small,1984,550
1078,small,1985,643
1079,regular,1983,520
1079,regular,1984,584
1079,regular,1985,617
1080,small,1982,489
1080,small,1983,545
1080,small,1984,626
1080,small,1985,676
1081,small,1982,528
1081,small,1983,567
1081,small,1984,620
1081,small,1985,643
1082,small,1982,528
1082,small,1983,578
1082,small,1984,632
1082,small,1985,709
1083,small,1982,536
1083,small,1983,557
1083,small,1984,565
1083,small,1985,599
1084,regular,1982,506
1084,regular,1983,523
1084,regular,1984,587
1084,regular,1985,623
1085,small,1982,468
1085,small,1983,601
1085,small,1984,620
1085,small,1985,676
1086,small,1982,473
1086,small,1983,526
1086,small,1984,557
1086,small,1985,647
1087,small,1982,412
1087,small,1983,488
1087,small,1984,507
1088,small,1982,459
1088,small,1983,502
1088,small,1984,559
1088,small,1985,626
1089,small,1982,484
1089,small,1983,538
1089,small,1984,543
1089,small,1985,605
1090,small,1982,484
1090,small,1983,557
1090,small,1984,596
1090,small,1985,651
1091,small,1982,520
1091,small,1983,542
1091,small,1984,572
1091,small,1985,596
1092,regular,1982,473
1092,regular,1984,517
1092,regular,1985,553
1093,small,1982,500
1093,small,1983,553
1093,small,1984,563
1093,small,1985,629
1094,regular,1982,459
1094,regular,1983,486
1094,regular,1984,572
1094,regular,1985,615
1095,small,1982,439
1095,small,1983,444
1095,small,1984,510
1096,regular,1982,459
1096,regular,1983,520
1096,regular,1984,504
1096,regular,1985,588
1097,small,1983,495
1097,small,1984,554
1097,small,1985,635
1098,regular,1982,478
1098,regular,1983,557
1098,regular,1984,599
1098,regular,1985,605
1099,small,1982,494
1099,small,1983,549
1099,small,1984,572
1099,small,1985,618
1100,small,1982,602
1100,small,1983,592
1100,small,1984,632
1100,small,1985,684
1101,small,1982,500
1101,small,1983,545
1101,small,1984,584
1101,small,1985,621
1102,small,1982,626
1102,small,1983,612
1102,small,1984,533
1102,small,1985,654
1103,small,1982,473
1103,small,1983,500
1103,small,1984,565
1103,small,1985,628
1104,small,1982,602
1104,small,1983,545
1104,small,1984,570
1104,small,1985,684
1105,small,1982,547
1105,small,1983,477
1105,small,1984,568
1105,small,1985,635
1106,small,1982,506
1106,small,1983,584
1106,small,1984,626
1106,small,1985,703
1107,small,1982,412
1107,small,1983,553
1107,small,1984,607
1107,small,1985,692
1108,regular,1982,513
1108,regular,1983,557
1108,regular,1984,593
1108,regular,1985,615
1109,regular,1982,494
1109,regular,1983,562
1109,regular,1984,603
1109,regular,1985,648
1110,small,1982,484
1110,small,1983,562
1110,small,1984,611
1110,small,1985,633
1111,regular,1982,500
1111,regular,1983,542
1111,regular,1984,570
1111,regular,1985,619
1112,small,1982,434
1112,small,1983,529
1112,small,1984,561
1112,small,1985,635
1113,small,1982,489
1113,small,1983,601
1113,small,1984,659
1113,small,1985,684
1114,small,1982,547
1114,small,1983,553
1114,small,1984,599
1114,small,1985,649
1115,small,1982,520
1115,small,1983,592
1115,small,1984,648
1115,small,1985,645
1116,small,1982,547
1116,small,1983,578
1116,small,1984,599
1116,small,1985,649
1117,small,1983,520
1117,small,1984,607
1117,small,1985,633
1118,small,1983,538
1118,small,1984,550
1118,small,1985,673
1119,regular,1982,444
1119,regular,1983,497
1119,regular,1984,526
1119,regular,1985,558
1120,small,1982,473
1120,small,1983,578
1120,small,1984,632
1120,small,1985,619
1121,small,1983,495
1121,small,1984,596
1121,small,1985,621
1122,regular,1982,513
1122,regular,1983,549
1122,regular,1984,579
1122,regular,1985,664
1123,small,1982,459
1123,small,1983,523
1123,small,1984,556
1123,small,1985,583
1124,small,1982,500
1124,small,1983,535
1124,small,1984,639
1124,small,1985,637
1125,small,1982,494
1125,small,1983,567
1125,small,1984,620
1125,small,1985,639
1126,regular,1982,449
1126,regular,1983,567
1126,regular,1984,574
1126,regular,1985,576
1127,small,1982,463
1127,small,1983,484
1127,small,1984,526
1127,small,1985,598
1128,small,1982,506
1128,small,1983,545
1128,small,1984,584
1128,small,1985,654
1129,small,1982,459
1129,small,1983,520
1129,small,1984,565
1129,small,1985,635
1130,small,1982,506
1130,small,1983,567
1130,small,1984,611
1130,small,1985,684
1131,regular,1982,536
1131,regular,1983,507
1131,regular,1985,697
1132,small,1982,439
1132,small,1983,505
1132,small,1984,546
1132,small,1985,635
1133,regular,1982,528
1133,regular,1983,510
1133,regular,1984,563
1133,regular,1985,601
1134,regular,1982,439
1134,regular,1983,512
1134,regular,1984,546
1134,regular,1985,562
1135,small,1983,578
1135,small,1984,611
1135,small,1985,664
1136,small,1983,612
1136,small,1984,721
1136,small,1985,703
1137,small,1982,494
1137,small,1983,535
1137,small,1984,626
1137,small,1985,667
1138,small,1982,489
1138,small,1983,529
1138,small,1984,590
1138,small,1985,624
1139,small,1982,602
1139,small,1983,612
1139,small,1984,721
1139,small,1985,697
1140,small,1982,478
1140,small,1983,538
1140,small,1984,603
1140,small,1985,656
1141,small,1982,559
1141,small,1983,572
1141,small,1984,659
1141,small,1985,751
1142,small,1982,506
1142,small,1983,578
1142,small,1984,563
1142,small,1985,641
1143,small,1983,510
1143,small,1984,596
1143,small,1985,654
1144,small,1982,423
1144,small,1983,484
1144,small,1984,568
1144,small,1985,613
1145,regular,1982,473
1145,regular,1983,520
1145,regular,1984,526
1145,regular,1985,590
1146,small,1982,528
1146,small,1983,486
1146,small,1984,540
1147,small,1982,489
1147,small,1983,572
1147,small,1984,574
1148,small,1982,602
1148,small,1983,601
1148,small,1984,620
1148,small,1985,736
1149,small,1982,513
1149,small,1983,584
1149,small,1984,582
1149,small,1985,654
1150,small,1982,473
1150,small,1983,532
1150,small,1984,565
1150,small,1985,670
1151,regular,1982,449
1151,regular,1983,538
1151,regular,1984,582
1151,regular,1985,617
1152,small,1982,454
1152,small,1983,461
1152,small,1984,593
1152,small,1985,593
1153,regular,1982,489
1153,regular,1983,505
1153,regular,1984,574
1153,regular,1985,555
1154,small,1983,653
1154,small,1984,584
1154,small,1985,639
1155,small,1982,576
1155,small,1983,549
1155,small,1984,584
1155,small,1985,641
1156,small,1982,484
1156,small,1983,518
1156,small,1984,577
1156,small,1985,643
1157,regular,1982,528
1157,regular,1983,529
1157,regular,1984,568
1157,regular,1985,590
1158,small,1982,478
1158,small,1983,562
1158,small,1984,607
1158,small,1985,676
1159,small,1982,513
1159,small,1983,545
1159,small,1984,593
1159,small,1985,684
1160,small,1982,536
1160,small,1983,676
1160,small,1984,699
1160,small,1985,777
1161,small,1982,439
1161,small,1983,518
1161,small,1984,557
1161,small,1985,651
1162,regular,1982,576
1162,regular,1983,592
1162,regular,1984,626
1162,regular,1985,656
1163,small,1982,547
1163,small,1983,627
1163,small,1984,648
1163,small,1985,680
1164,regular,1982,484
1164,regular,1983,553
1164,regular,1984,674
1164,regular,1985,633
1165,small,1982,454
1165,small,1983,505
1165,small,1984,552
1165,small,1985,635
1166,small,1982,484
1166,small,1983,572
1166,small,1984,559
1166,small,1985,641
1167,regular,1982,547
1167,regular,1983,557
1167,regular,1984,607
1167,regular,1985,645
1168,small,1982,513
1168,small,1983,512
1168,small,1984,540
1168,small,1985,618
1169,regular,1982,626
1169,regular,1983,627
1169,regular,1984,674
1169,regular,1985,669
1170,small,1982,520
1170,small,1984,570
1170,small,1985,629
1171,small,1982,547
1171,small,1983,545
1171,small,1984,626
1171,small,1985,692
1172,regular,1982,500
1172,regular,1983,553
1172,regular,1984,603
1173,regular,1983,451
1173,regular,1984,490
1173,regular,1985,553
1174,regular,1982,500
1174,regular,1983,549
1174,regular,1984,570
1174,regular,1985,596
1175,regular,1982,576
1175,regular,1983,584
1175,regular,1984,632
1175,regular,1985,697
1176,small,1982,626
1176,small,1983,592
1176,small,1984,648
1176,small,1985,751
1177,regular,1982,473
1177,regular,1983,486
1177,regular,1984,543
1177,regular,1985,600
1178,small,1982,468
1178,small,1983,538
1178,small,1984,620
1178,small,1985,656
1179,small,1982,528
1179,small,1983,612
1179,small,1984,620
1179,small,1985,651
1180,regular,1982,478
1180,regular,1983,500
1180,regular,1984,550
1180,regular,1985,601
1181,regular,1982,449
1181,regular,1983,510
1181,regular,1984,548
1181,regular,1985,611
1182,small,1982,506
1182,small,1983,578
1182,small,1984,626
1182,small,1985,649
1183,regular,1982,418
1183,regular,1983,518
1183,regular,1984,535
1183,regular,1985,590
1184,small,1982,500
1184,small,1983,526
1184,small,1984,607
1184,small,1985,604
1185,small,1982,547
1185,small,1983,557
1185,small,1984,632
1185,small,1985,645
1186,small,1982,484
1186,small,1983,567
1186,small,1984,540
1186,small,1985,618
1187,small,1982,459
1187,small,1983,493
1187,small,1984,565
1187,small,1985,605
1188,regular,1982,500
1188,regular,1983,515
1188,regular,1984,596
1188,regular,1985,617
1189,small,1982,494
1189,small,1983,557
1189,small,1984,599
1189,small,1985,643
1190,regular,1982,463
1190,regular,1983,529
1190,regular,1984,559
1190,regular,1985,609
1191,small,1982,500
1191,small,1983,542
1191,small,1984,582
1191,small,1985,651
1192,small,1982,468
1192,small,1983,510
1192,small,1984,554
1193,small,1982,500
1193,small,1983,578
1193,small,1984,587
1193,small,1985,725
1194,small,1983,653
1194,small,1984,721
1194,small,1985,709
1195,small,1982,602
1195,small,1983,612
1195,small,1984,615
1195,small,1985,649
1196,regular,1982,528
1196,regular,1983,572
1196,regular,1984,699
1196,regular,1985,675
1197,small,1982,494
1197,small,1983,572
1197,small,1984,607
1197,small,1985,667
1198,regular,1982,468
1198,regular,1983,653
1198,regular,1984,648
1198,regular,1985,675
1199,small,1982,528
1199,small,1983,592
1199,small,1984,615
1199,small,1985,716
1200,regular,1982,500
1200,regular,1983,532
1200,regular,1984,541
1201,regular,1982,439
1201,regular,1983,481
1201,regular,1985,583
1202,regular,1982,459
1202,regular,1983,529
1202,regular,1984,530
1203,small,1982,468
1203,small,1983,532
1203,small,1984,540
1203,small,1985,618
1204,regular,1982,454
1204,regular,1983,479
1204,regular,1984,517
1205,small,1982,494
1205,small,1983,567
1205,small,1984,596
1205,small,1985,667
1206,small,1982,500
1206,small,1983,529
1206,small,1984,603
1206,small,1985,688
1207,small,1982,520
1207,small,1983,562
1207,small,1984,596
1207,small,1985,647
1208,small,1982,468
1208,small,1983,526
1208,small,1984,563
1208,small,1985,622
1209,regular,1982,459
1209,regular,1983,507
1209,regular,1984,541
1209,regular,1985,621
1210,small,1982,576
1210,small,1983,653
1210,small,1984,699
1210,small,1985,716
1211,small,1982,459
1211,small,1983,505
1211,small,1984,561
1211,small,1985,631
1212,small,1982,489
1212,small,1983,601
1212,small,1984,639
1212,small,1985,725
1213,small,1982,454
1213,small,1983,526
1213,small,1984,543
1213,small,1985,605
1214,regular,1982,463
1214,regular,1983,502
1214,regular,1984,552
1214,regular,1985,605
1215,regular,1982,444
1215,regular,1983,454
1215,regular,1984,479
1216,small,1983,512
1216,small,1984,568
1216,small,1985,621
1217,small,1982,576
1217,small,1983,601
1217,small,1984,639
1217,small,1985,697
1218,small,1982,473
1218,small,1983,545
1218,small,1984,590
1218,small,1985,673
1219,small,1982,602
1219,small,1983,601
1219,small,1984,615
1219,small,1985,697
1220,small,1982,528
1220,small,1983,532
1220,small,1984,620
1221,regular,1982,489
1221,regular,1983,601
1221,regular,1984,538
1221,regular,1985,580
1222,regular,1982,576
1222,regular,1983,612
1222,regular,1984,659
1222,regular,1985,675
1223,small,1982,506
1223,small,1983,526
1223,small,1984,577
1223,small,1985,688
1224,small,1982,506
1224,small,1983,578
1224,small,1984,577
1224,small,1985,670
1225,small,1982,484
1225,small,1983,578
1225,small,1984,626
1225,small,1985,697
1226,small,1982,576
1226,small,1983,627
1226,small,1984,615
1226,small,1985,673
1227,regular,1982,439
1227,regular,1983,502
1227,regular,1984,626
1227,regular,1985,613
1228,regular,1982,500
1228,regular,1983,567
1228,regular,1984,599
1228,regular,1985,617
1229,regular,1982,418
1229,regular,1983,479
1229,regular,1984,540
1229,regular,1985,561
1230,regular,1982,520
1230,regular,1983,572
1230,regular,1984,648
1230,regular,1985,675
1231,small,1982,528
1231,small,1983,592
1231,small,1984,607
1231,small,1985,651
1232,small,1982,536
1232,small,1983,578
1232,small,1984,590
1232,small,1985,680
1233,small,1982,506
1233,small,1983,523
1233,small,1984,584
1233,small,1985,649
1234,regular,1982,489
1234,regular,1983,557
1234,regular,1984,620
1234,regular,1985,642
1235,small,1982,412
1235,small,1983,572
1235,small,1984,596
1235,small,1985,641
1236,regular,1982,500
1236,regular,1983,562
1236,regular,1984,607
1236,regular,1985,652
1237,small,1982,513
1237,small,1983,477
1237,small,1984,522
1237,small,1985,587
1238,small,1983,592
1238,small,1984,659
1238,small,1985,684
1239,regular,1982,520
1239,regular,1983,562
1239,regular,1984,615
1239,regular,1985,573
1240,small,1982,473
1240,small,1983,601
1240,small,1985,661
1241,small,1982,494
1241,small,1983,545
1241,small,1984,620
1241,small,1985,676
1242,small,1982,528
1242,small,1983,497
1242,small,1984,699
1242,small,1985,664
1243,regular,1982,547
1243,regular,1983,627
1243,regular,1984,590
1243,regular,1985,652
1244,small,1982,547
1244,small,1983,653
1244,small,1984,626
1244,small,1985,703
1245,small,1982,528
1245,small,1983,592
1245,small,1984,603
1245,small,1985,688
1246,small,1982,484
1246,small,1983,507
1246,small,1984,541
1246,small,1985,618
1247,small,1982,520
1247,small,1983,578
1247,small,1984,615
1247,small,1985,664
1248,regular,1982,454
1248,regular,1983,532
1248,regular,1984,587
1248,regular,1985,611
1249,regular,1982,463
1249,regular,1983,545
1249,regular,1984,596
1249,regular,1985,660
1250,small,1982,520
1250,small,1983,529
1250,small,1984,579
1250,small,1985,626
1251,small,1982,513
1251,small,1983,545
1251,small,1984,615
1251,small,1985,574
1252,small,1982,478
1252,small,1983,562
1252,small,1984,639
1252,small,1985,697
1253,regular,1982,459
1253,regular,1983,502
1253,regular,1984,587
1253,regular,1985,598
1254,small,1982,459
1254,small,1983,505
1254,small,1984,557
1254,small,1985,586
1255,regular,1982,520
1255,regular,1983,545
1255,regular,1984,611
1255,regular,1985,636
1256,small,1982,478
1256,small,1983,532
1256,small,1984,540
1256,small,1985,614
1257,regular,1982,463
1257,regular,1983,518
1257,regular,1984,559
1257,regular,1985,583
1258,small,1982,559
1258,small,1983,612
1258,small,1984,699
1258,small,1985,697
1259,regular,1982,449
1259,regular,1983,497
1259,regular,1984,535
1259,regular,1985,580
1260,small,1982,444
1260,small,1983,433
1260,small,1984,577
1260,small,1985,622
1261,small,1982,576
1261,small,1983,627
1261,small,1984,626
1261,small,1985,692
1262,regular,1982,489
1262,regular,1983,572
1262,regular,1984,648
1262,regular,1985,628
1263,regular,1982,536
1263,regular,1983,592
1263,regular,1984,596
1263,regular,1985,636
1264,regular,1982,444
1264,regular,1983,542
1264,regular,1984,615
1264,regular,1985,626
1265,regular,1982,506
1265,regular,1983,545
1265,regular,1984,552
1265,regular,1985,619
1266,small,1982,500
1266,small,1983,545
1266,small,1984,587
1266,small,1985,622
1267,regular,1982,439
1267,regular,1983,497
1267,regular,1984,523
1267,regular,1985,562
1268,regular,1982,444
1268,regular,1983,502
1268,regular,1984,559
1268,regular,1985,590
1269,small,1982,536
1269,small,1983,601
1269,small,1984,674
1269,small,1985,709
1270,regular,1982,506
1270,regular,1983,535
1270,regular,1984,607
1270,regular,1985,636
1271,small,1982,468
1271,small,1983,512
1271,small,1984,574
1272,regular,1982,449
1272,regular,1983,542
1272,regular,1984,593
1272,regular,1985,619
1273,small,1982,434
1273,small,1983,481
1273,small,1984,494
1273,small,1985,604
1274,small,1982,513
1274,small,1983,515
1274,small,1984,568
1274,small,1985,616
1275,small,1982,513
1275,small,1983,557
1275,small,1984,599
1275,small,1985,664
1276,small,1982,559
1276,small,1983,572
1276,small,1984,648
1276,small,1985,703
1277,small,1983,601
1277,small,1984,674
1277,small,1985,716
1278,regular,1982,484
1278,regular,1983,486
1278,regular,1984,570
1278,regular,1985,601
1279,small,1982,536
1279,small,1983,627
1279,small,1984,699
1279,small,1985,684
1280,small,1982,454
1280,small,1983,562
1280,small,1984,674
1280,small,1985,716
1281,small,1982,528
1281,small,1983,557
1281,small,1984,611
1281,small,1985,684
1282,small,1982,459
1282,small,1983,488
1282,small,1984,536
1282,small,1985,645
1283,small,1982,439
1283,small,1983,523
1283,small,1984,557
1283,small,1985,639
1284,small,1982,602
1284,small,1983,601
1284,small,1984,721
1284,small,1985,751
1285,small,1982,494
1285,small,1983,553
1285,small,1984,574
1285,small,1985,659
1286,small,1982,459
1286,small,1983,526
1286,small,1984,559
1286,small,1985,654
1287,regular,1982,468
1287,regular,1983,532
1287,regular,1984,545
1287,regular,1985,636
1288,small,1982,559
1288,small,1983,538
1288,small,1984,568
1288,small,1985,667
1289,regular,1982,536
1289,regular,1983,584
1289,regular,1984,639
1289,regular,1985,636
1290,regular,1982,478
1290,regular,1983,507
1290,regular,1984,577
1290,regular,1985,617
1291,small,1982,506
1291,small,1983,542
1291,small,1984,607
1291,small,1985,643
1292,small,1982,547
1292,small,1983,676
1292,small,1984,659
1292,small,1985,673
1293,regular,1982,444
1293,regular,1983,488
1293,regular,1984,563
1293,regular,1985,573
1294,small,1982,528
1294,small,1983,612
1294,small,1984,639
1294,small,1985,777
1295,small,1982,468
1295,small,1983,572
1295,small,1984,615
1295,small,1985,667
1296,small,1982,559
1296,small,1984,587
1296,small,1985,656
1297,regular,1982,500
1297,regular,1983,523
1297,regular,1984,559
1297,regular,1985,613
1298,regular,1982,520
1298,regular,1983,562
1298,regular,1984,514
1298,regular,1985,538
1299,small,1982,602
1299,small,1983,592
1299,small,1984,648
1299,small,1985,684
1300,regular,1982,478
1300,regular,1983,538
1300,regular,1984,565
1300,regular,1985,615
1301,regular,1982,459
1301,regular,1983,502
1301,regular,1984,550
1301,regular,1985,615
1302,small,1982,500
1302,small,1983,572
1302,small,1984,620
1302,small,1985,680
1303,small,1982,506
1303,small,1983,562
1303,small,1984,577
1304,small,1982,494
1304,small,1983,545
1304,small,1984,587
1304,small,1985,670
1305,small,1982,506
1305,small,1983,592
1305,small,1984,648
1305,small,1985,684
1306,small,1982,536
1306,small,1983,572
1306,small,1984,699
1306,small,1985,736
1307,small,1982,576
1307,small,1983,567
1307,small,1984,620
1307,small,1985,649
1308,small,1982,478
1308,small,1983,526
1308,small,1984,572
1308,small,1985,659
1309,small,1982,506
1309,small,1983,535
1309,small,1984,570
1309,small,1985,643
1310,small,1982,528
1310,small,1983,567
1310,small,1984,721
1310,small,1985,725
1311,small,1982,536
1311,small,1983,553
1311,small,1984,611
1311,small,1985,656
1312,small,1982,513
1312,small,1983,567
1312,small,1984,615
1312,small,1985,670
1313,small,1982,536
1313,small,1983,592
1313,small,1984,659
1313,small,1985,716
1314,small,1982,468
1314,small,1983,553
1314,small,1985,692
1315,regular,1982,500
1315,regular,1983,549
1315,regular,1984,572
1315,regular,1985,593
1316,small,1982,484
1317,small,1982,626
1317,small,1983,612
1317,small,1984,674
1317,small,1985,716
1318,small,1982,520
1318,small,1983,545
1318,small,1984,579
1318,small,1985,649
1319,small,1982,489
1319,small,1983,515
1319,small,1984,574
1319,small,1985,635
1320,small,1982,602
1320,small,1983,601
1320,small,1984,639
1320,small,1985,736
1321,small,1982,444
1321,small,1983,512
1321,small,1984,546
1321,small,1985,607
1322,small,1982,520
1322,small,1983,526
1322,small,1984,584
1322,small,1985,645
1323,small,1982,449
1323,small,1983,553
1323,small,1984,590
1323,small,1985,619
1324,small,1982,576
1324,small,1983,500
1324,small,1984,568
1324,small,1985,654
1325,regular,1982,429
1325,regular,1983,479
1325,regular,1984,495
1326,regular,1982,439
1326,regular,1983,488
1326,regular,1984,512
1326,regular,1985,533
1327,regular,1982,506
1327,regular,1983,592
1327,regular,1984,632
1327,regular,1985,598
1328,small,1983,535
1328,small,1984,599
1328,small,1985,688
1329,small,1982,454
1329,small,1983,484
1329,small,1984,599
1329,small,1985,604
1330,regular,1982,459
1330,regular,1983,553
1330,regular,1984,579
1330,regular,1985,617
1331,regular,1982,463
1331,regular,1983,535
1331,regular,1984,674
1331,regular,1985,648
1332,small,1982,459
1332,small,1983,532
1332,small,1984,541
1332,small,1985,626
1333,small,1982,473
1333,small,1983,520
1333,small,1984,515
1333,small,1985,584
1334,small,1982,576
1334,small,1983,562
1334,small,1984,659
1334,small,1985,688
1335,regular,1982,536
1335,regular,1983,553
1335,regular,1984,577
1335,regular,1985,598
1336,small,1982,412
1336,small,1983,545
1336,small,1984,611
1336,small,1985,709
1337,small,1982,602
1337,small,1983,584
1337,small,1984,639
1337,small,1985,703
1338,small,1983,523
1338,small,1984,565
1338,small,1985,676
1339,regular,1982,559
1339,regular,1983,538
1339,regular,1984,593
1339,regular,1985,619
1340,regular,1982,513
1340,regular,1983,653
1340,regular,1984,648
1340,regular,1985,656
1341,regular,1982,484
1341,regular,1983,507
1341,regular,1984,593
1341,regular,1985,648
1342,regular,1982,478
1342,regular,1983,515
1342,regular,1984,548
1342,regular,1985,538
1343,small,1982,454
1343,small,1983,515
1343,small,1984,540
1343,small,1985,602
1344,small,1982,494
1344,small,1983,584
1344,small,1984,563
1344,small,1985,639
1345,small,1982,423
1345,small,1983,520
1345,small,1984,554
1345,small,1985,596
1346,regular,1982,429
1346,regular,1983,500
1346,regular,1984,599
1346,regular,1985,600
1347,regular,1982,468
1347,regular,1983,535
1347,regular,1984,648
1347,regular,1985,621
1348,regular,1983,572
1348,regular,1984,582
1348,regular,1985,645
1349,small,1982,602
1349,small,1983,653
1349,small,1984,699
1349,small,1985,659
1350,small,1982,468
1350,small,1983,479
1350,small,1984,596
1350,small,1985,635
1351,small,1982,484
1351,small,1984,514
1351,small,1985,589
1352,small,1982,494
1352,small,1983,562
1352,small,1984,632
1352,small,1985,664
1353,regular,1982,494
1353,regular,1983,510
1353,regular,1984,548
1353,regular,1985,611
1354,regular,1982,602
1354,regular,1983,601
1354,regular,1984,632
1354,regular,1985,652
1355,regular,1982,547
1355,regular,1983,572
1355,regular,1984,648
1355,regular,1985,639
1356,regular,1982,506
1356,regular,1983,542
1356,regular,1984,577
1356,regular,1985,613
1357,small,1982,454
1357,small,1983,557
1357,small,1984,526
1357,small,1985,613
1358,small,1982,454
1358,small,1983,535
1358,small,1984,570
1358,small,1985,664
1359,small,1982,559
1359,small,1983,562
1359,small,1984,607
1359,small,1985,676
1360,small,1982,536
1360,small,1983,592
1360,small,1984,596
1360,small,1985,680
1361,small,1982,454
1361,small,1983,520
1361,small,1984,554
1361,small,1985,647
1362,small,1982,520
1362,small,1983,535
1362,small,1984,620
1362,small,1985,661
1363,small,1982,506
1363,small,1983,538
1364,small,1982,506
1364,small,1983,601
1364,small,1984,648
1364,small,1985,664
1365,small,1982,449
1365,small,1983,497
1365,small,1984,596
1365,small,1985,631
1366,regular,1982,449
1366,regular,1983,518
1366,regular,1984,531
1366,regular,1985,576
1367,small,1982,520
1367,small,1983,545
1367,small,1984,626
1367,small,1985,676
1368,regular,1982,494
1368,regular,1983,510
1368,regular,1984,550
1368,regular,1985,567
1369,small,1982,468
1369,small,1983,477
1369,small,1984,587
1369,small,1985,626
1370,small,1982,528
1371,small,1982,468
1371,small,1983,505
1371,small,1984,579
1371,small,1985,647
1372,small,1982,506
1372,small,1983,500
1372,small,1984,559
1372,small,1985,631
1373,small,1982,506
1373,small,1983,553
1373,small,1984,587
1373,small,1985,680
1374,small,1982,506
1374,small,1983,592
1374,small,1984,659
1374,small,1985,670
1375,small,1982,500
1375,small,1983,567
1375,small,1984,620
1375,small,1985,661
1376,regular,1982,547
1376,regular,1983,495
1376,regular,1984,533
1376,regular,1985,590
1377,small,1982,520
1377,small,1983,542
1377,small,1984,570
1377,small,1985,656
1378,small,1982,547
1378,small,1983,676
1378,small,1984,674
1378,small,1985,697
1379,small,1982,513
1379,small,1983,529
1379,small,1984,611
1379,small,1985,643
1380,regular,1982,444
1380,regular,1983,526
1380,regular,1984,548
1380,regular,1985,601
1381,regular,1983,507
1381,regular,1984,572
1381,regular,1985,571
1382,small,1982,434
1382,small,1983,515
1382,small,1984,565
1382,small,1985,619
1383,small,1982,520
1383,small,1983,578
1383,small,1984,626
1383,small,1985,688
1384,small,1982,494
1384,small,1983,523
1384,small,1984,599
1384,small,1985,629
1385,small,1982,602
1385,small,1983,627
1385,small,1984,639
1385,small,1985,684
1386,small,1982,559
1386,small,1983,572
1386,small,1984,593
1386,small,1985,680
1387,regular,1982,468
1387,regular,1983,529
1387,regular,1984,541
1387,regular,1985,615
1388,regular,1982,454
1388,regular,1983,523
1388,regular,1985,593
1389,regular,1982,576
1389,regular,1983,601
1389,regular,1984,639
1389,regular,1985,660
1390,small,1982,500
1390,small,1983,553
1390,small,1985,661
1391,regular,1982,449
1391,regular,1983,458
1391,regular,1984,518
1391,regular,1985,561
1392,regular,1982,484
1392,regular,1983,502
1392,regular,1984,574
1393,small,1982,478
1393,small,1983,549
1393,small,1984,626
1393,small,1985,661
1394,small,1982,559
1394,small,1983,549
1394,small,1984,570
1394,small,1985,703
1395,small,1982,528
1395,small,1983,572
1395,small,1984,626
1395,small,1985,703
1396,regular,1982,449
1396,regular,1983,532
1396,regular,1984,572
1396,regular,1985,586
1397,regular,1982,494
1397,regular,1983,562
1397,regular,1984,593
1397,regular,1985,636
1398,small,1982,559
1398,small,1983,601
1398,small,1984,596
1398,small,1985,680
1399,regular,1982,494
1399,regular,1983,592
1399,regular,1984,550
1399,regular,1985,633
1400,regular,1982,520
1400,regular,1983,532
1400,regular,1984,632
1400,regular,1985,619
1401,small,1982,559
1401,small,1983,578
1401,small,1984,593
1401,small,1985,736
1402,regular,1982,468
1402,regular,1983,557
1402,regular,1984,603
1402,regular,1985,633
1403,regular,1982,547
1403,regular,1983,653
1403,regular,1984,626
1403,regular,1985,697
1404,regular,1982,500
1404,regular,1983,512
1404,regular,1984,557
1404,regular,1985,590
1405,small,1983,535
1405,small,1984,556
1405,small,1985,613
1406,small,1982,559
1406,small,1983,572
1406,small,1984,659
1406,small,1985,619
1407,regular,1982,454
1407,regular,1983,562
1407,regular,1984,603
1407,regular,1985,583
1408,small,1982,412
1408,small,1983,477
1408,small,1984,556
1408,small,1985,608
1409,small,1982,434
1409,small,1983,502
1409,small,1984,495
1409,small,1985,560
1410,small,1982,459
1410,small,1983,545
1410,small,1985,654
1411,small,1982,576
1411,small,1983,601
1411,small,1984,674
1411,small,1985,697
1412,small,1982,449
1412,small,1983,601
1412,small,1984,590
1412,small,1985,635
1413,small,1982,468
1413,small,1983,562
1413,small,1984,620
1413,small,1985,697
1414,small,1982,468
1414,small,1983,538
1414,small,1984,599
1414,small,1985,645
1415,small,1982,513
1415,small,1983,553
1415,small,1984,648
1415,small,1985,676
1416,small,1982,439
1416,small,1983,520
1416,small,1984,495
1417,small,1982,489
1417,small,1983,601
1417,small,1984,639
1417,small,1985,697
1418,regular,1982,423
1418,regular,1983,477
1418,regular,1984,574
1418,regular,1985,546
1419,small,1982,602
1419,small,1983,584
1419,small,1984,632
1419,small,1985,684
1420,small,1982,528
1420,small,1983,515
1420,small,1984,584
1420,small,1985,628
1421,small,1982,439
1421,small,1983,549
1421,small,1984,577
1421,small,1985,595
1422,small,1982,500
1422,small,1983,562
1422,small,1984,579
1422,small,1985,673
1423,regular,1982,513
1423,regular,1983,557
1423,regular,1984,626
1423,regular,1985,656
1424,regular,1982,454
1424,regular,1983,490
1424,regular,1984,531
1424,regular,1985,565
1425,small,1982,602
1425,small,1983,601
1425,small,1984,639
1425,small,1985,725
1426,regular,1982,528
1426,regular,1983,578
1426,regular,1984,607
1427,regular,1982,478
1427,regular,1983,557
1427,regular,1984,563
1427,regular,1985,623
1428,regular,1982,536
1428,regular,1983,502
1428,regular,1984,554
1428,regular,1985,564
1429,small,1982,429
1429,small,1983,495
1429,small,1984,572
1429,small,1985,614
1430,small,1982,547
1430,small,1983,627
1430,small,1984,596
1430,small,1985,736
1431,regular,1982,576
1431,regular,1983,567
1431,regular,1984,721
1431,regular,1985,681
1432,small,1982,449
1432,small,1983,512
1432,small,1984,520
1432,small,1985,610
1433,regular,1982,506
1433,regular,1983,493
1433,regular,1984,548
1433,regular,1985,593
1434,small,1982,520
1434,small,1983,538
1434,small,1984,568
1434,small,1985,626
1435,small,1982,484
1435,small,1983,562
1435,small,1984,582
1435,small,1985,673
1436,regular,1982,489
1436,regular,1983,553
1436,regular,1984,590
1436,regular,1985,628
1437,small,1982,547
1437,small,1983,557
1437,small,1984,648
1437,small,1985,725
1438,regular,1982,489
1438,regular,1983,538
1438,regular,1984,611
1438,regular,1985,636
1439,small,1982,513
1439,small,1983,518
1439,small,1984,577
1439,small,1985,673
1440,regular,1982,506
1441,regular,1982,513
1441,regular,1983,553
1441,regular,1984,620
1441,regular,1985,623
1442,small,1982,528
1442,small,1983,584
1442,small,1984,611
1442,small,1985,626
1443,small,1982,559
1443,small,1983,578
1443,small,1984,639
1443,small,1985,716
1444,regular,1982,520
1444,regular,1983,529
1444,regular,1984,574
1444,regular,1985,603
1445,small,1982,626
1445,small,1983,627
1445,small,1984,659
1445,small,1985,684
1446,regular,1982,484
1446,regular,1983,549
1446,regular,1984,582
1446,regular,1985,598
1447,small,1982,500
1447,small,1983,535
1447,small,1984,599
1447,small,1985,622
1448,small,1982,484
1448,small,1983,518
1448,small,1984,599
1448,small,1985,624
1449,regular,1982,489
1449,regular,1983,557
1449,regular,1984,611
1450,regular,1982,459
1450,regular,1984,584
1450,regular,1985,619
1451,small,1982,429
1451,small,1983,515
1451,small,1984,530
1451,small,1985,574
1452,small,1982,528
1452,small,1985,667
1453,small,1982,463
1453,small,1983,526
1453,small,1984,584
1453,small,1985,635
1454,regular,1983,507
1454,regular,1984,554
1454,regular,1985,561
1455,small,1982,484
1455,small,1983,553
1455,small,1984,599
1455,small,1985,637
1456,small,1982,459
1456,small,1983,515
1456,small,1984,570
1456,small,1985,629
1457,regular,1982,439
1457,regular,1983,474
1457,regular,1984,603
1457,regular,1985,590
1458,small,1982,528
1458,small,1983,592
1458,small,1984,620
1458,small,1985,692
1459,regular,1982,494
1459,regular,1983,549
1459,regular,1984,626
1459,regular,1985,628
1460,small,1982,412
1460,small,1983,441
1460,small,1985,512
1461,regular,1982,463
1461,regular,1983,523
1461,regular,1984,550
1461,regular,1985,598
1462,regular,1982,454
1462,regular,1983,542
1462,regular,1984,632
1462,regular,1985,652
1463,regular,1983,549
1463,regular,1984,574
1463,regular,1985,628
1464,small,1982,423
1464,small,1983,512
1464,small,1984,563
1464,small,1985,631
1465,regular,1982,513
1465,regular,1983,538
1465,regular,1984,554
1465,regular,1985,605
1466,regular,1982,513
1466,regular,1983,542
1466,regular,1984,615
1466,regular,1985,617
1467,small,1982,449
1467,small,1983,505
1467,small,1985,619
1468,small,1982,536
1468,small,1983,526
1468,small,1984,587
1468,small,1985,607
1469,small,1982,454
1469,small,1983,486
1469,small,1984,557
1470,regular,1983,584
1470,regular,1984,603
1470,regular,1985,656
1471,small,1982,468
1471,small,1983,578
1471,small,1984,659
1471,small,1985,635
1472,small,1982,444
1472,small,1983,557
1472,small,1984,538
1472,small,1985,692
1473,small,1982,459
1473,small,1983,584
1473,small,1984,599
1473,small,1985,692
1474,small,1982,513
1474,small,1983,584
1474,small,1984,593
1474,small,1985,697
1475,regular,1982,434
1475,regular,1983,486
1475,regular,1985,609
1476,small,1982,468
1476,small,1983,474
1476,small,1984,517
1476,small,1985,604
1477,regular,1983,493
1477,regular,1984,593
1477,regular,1985,645
1478,regular,1982,602
1478,regular,1983,584
1478,regular,1984,620
1478,regular,1985,656
1479,small,1982,520
1479,small,1983,526
1479,small,1984,593
1479,small,1985,631
1480,small,1982,536
1480,small,1983,512
1480,small,1984,563
1480,small,1985,641
1481,small,1982,528
1481,small,1983,562
1481,small,1984,620
1481,small,1985,664
1482,small,1982,602
1482,small,1983,572
1482,small,1984,659
1482,small,1985,692
1483,small,1983,584
1483,small,1984,639
1483,small,1985,659
1484,small,1982,536
1484,small,1983,553
1484,small,1984,603
1484,small,1985,697
1485,regular,1982,528
1485,regular,1983,507
1485,regular,1984,590
1486,small,1982,547
1486,small,1983,676
1486,small,1984,699
1486,small,1985,725
1487,regular,1982,489
1487,regular,1983,490
1487,regular,1984,535
1487,regular,1985,544
1488,small,1982,506
1488,small,1983,601
1488,small,1984,639
1488,small,1985,703
1489,small,1982,520
1489,small,1983,584
1489,small,1984,626
1489,small,1985,673
1490,small,1982,478
1490,small,1983,488
1490,small,1984,536
1490,small,1985,629
1491,small,1982,484
1491,small,1983,507
1491,small,1984,538
1491,small,1985,613
1492,small,1982,399
1492,small,1983,507
1492,small,1984,577
1492,small,1985,608
1493,small,1982,528
1493,small,1983,515
1493,small,1984,615
1493,small,1985,670
1494,regular,1982,429
1494,regular,1983,518
1494,regular,1984,563
1494,regular,1985,593
1495,small,1982,559
1495,small,1983,612
1495,small,1984,615
1495,small,1985,684
1496,small,1982,528
1496,small,1983,507
1496,small,1984,552
1496,small,1985,643
1497,small,1982,478
1497,small,1983,502
1497,small,1984,538
1497,small,1985,599
1498,small,1982,468
1498,small,1983,542
1498,small,1984,556
1498,small,1985,641
1499,small,1982,494
1499,small,1983,479
1499,small,1984,528
1499,small,1985,618
1500,regular,1982,444
1500,regular,1983,520
1500,regular,1984,548
1500,regular,1985,660
1501,small,1982,626
1501,small,1983,601
1501,small,1984,721
1501,small,1985,799
1502,small,1982,494
1502,small,1983,557
1502,small,1984,528
1502,small,1985,590
1503,small,1982,459
1503,small,1983,562
1503,small,1984,607
1503,small,1985,649
1504,small,1982,439
1504,small,1983,567
1504,small,1984,554
1504,small,1985,593
1505,small,1982,576
1505,small,1983,474
1505,small,1984,540
1505,small,1985,608
1506,small,1982,520
1506,small,1983,653
1506,small,1984,632
1506,small,1985,692
1507,small,1982,520
1507,small,1983,520
1507,small,1984,536
1507,small,1985,613
1508,small,1982,576
1508,small,1983,584
1508,small,1984,615
1508,small,1985,676
1509,small,1982,528
1509,small,1983,578
1509,small,1984,611
1509,small,1985,703
1510,regular,1982,576
1510,regular,1983,592
1510,regular,1984,626
1510,regular,1985,723
1511,regular,1982,449
1511,regular,1984,531
1511,regular,1985,623
1512,regular,1982,489
1512,regular,1983,545
1512,regular,1984,590
1512,regular,1985,636
1513,small,1982,449
1513,small,1983,529
1513,small,1984,561
1513,small,1985,601
1514,small,1982,463
1514,small,1983,532
1514,small,1984,561
1514,small,1985,635
1515,small,1982,513
1515,small,1983,601
1515,small,1984,721
1515,small,1985,697
1516,small,1982,528
1516,small,1983,584
1516,small,1984,620
1516,small,1985,688
1517,small,1982,418
1517,small,1983,484
1517,small,1984,512
1517,small,1985,568
1518,small,1982,513
1518,small,1983,584
1518,small,1984,577
1519,regular,1982,513
1519,regular,1983,562
1519,regular,1984,579
1519,regular,1985,593
1520,regular,1982,454
1520,regular,1983,523
1520,regular,1984,572
1520,regular,1985,586
1521,small,1982,520
1521,small,1983,545
1521,small,1984,615
1521,small,1985,635
1522,regular,1982,399
1522,regular,1983,484
1522,regular,1984,533
1522,regular,1985,580
1523,regular,1982,520
1523,regular,1983,567
1523,regular,1985,639
1524,small,1983,557
1524,small,1984,607
1524,small,1985,664
1525,small,1983,515
1525,small,1984,541
1525,small,1985,592
1526,small,1982,459
1526,small,1983,518
1526,small,1984,546
1527,regular,1982,473
1527,regular,1983,542
1527,regular,1984,620
1527,regular,1985,660
1528,small,1982,478
1528,small,1983,518
1528,small,1984,593
1528,small,1985,661
1529,small,1982,454
1529,small,1983,532
1529,small,1984,599
1529,small,1985,633
1530,regular,1982,459
1530,regular,1983,562
1530,regular,1984,626
1530,regular,1985,636
1531,small,1982,484
1531,small,1983,578
1531,small,1984,611
1531,small,1985,651
1532,small,1982,463
1532,small,1983,557
1532,small,1984,603
1532,small,1985,656
1533,regular,1982,506
1533,regular,1983,557
1533,regular,1984,545
1533,regular,1985,591
1534,small,1983,535
1534,small,1984,603
1534,small,1985,645
1535,small,1982,528
1535,small,1983,572
1535,small,1984,572
1535,small,1985,676
1536,small,1982,484
1536,small,1983,535
1536,small,1984,584
1536,small,1985,670
1537,small,1982,454
1537,small,1983,553
1537,small,1984,582
1537,small,1985,670
1538,small,1982,528
1538,small,1983,572
1538,small,1984,603
1538,small,1985,684
1539,small,1982,454
1539,small,1983,512
1539,small,1985,607
1540,regular,1982,576
1540,regular,1983,572
1540,regular,1984,659
1540,regular,1985,660
1541,regular,1982,513
1541,regular,1983,578
1541,regular,1984,620
1541,regular,1985,652
1542,small,1982,454
1542,small,1983,488
1542,small,1984,572
1542,small,1985,610
1543,small,1982,520
1543,small,1983,584
1543,small,1984,611
1543,small,1985,661
1544,regular,1982,559
1544,regular,1983,553
1544,regular,1984,620
1544,regular,1985,636
1545,small,1982,473
1545,small,1983,495
1545,small,1984,509
1545,small,1985,586
1546,small,1982,473
1546,small,1983,520
1546,small,1984,533
1546,small,1985,622
1547,small,1982,528
1547,small,1983,557
1547,small,1984,603
1547,small,1985,656
1548,small,1982,500
1548,small,1983,497
1548,small,1984,620
1548,small,1985,643
1549,small,1982,473
1549,small,1983,578
1549,small,1984,615
1549,small,1985,697
1550,small,1982,459
1550,small,1983,505
1551,small,1982,459
1551,small,1983,529
1551,small,1984,584
1551,small,1985,673
1552,regular,1983,523
1552,regular,1984,509
1552,regular,1985,611
1553,regular,1982,439
1553,regular,1983,502
1553,regular,1984,607
1553,regular,1985,593
1554,regular,1982,536
1554,regular,1983,529
1554,regular,1984,574
1554,regular,1985,613
1555,regular,1982,454
1555,regular,1983,526
1555,regular,1984,556
1555,regular,1985,570
1556,regular,1982,489
1556,regular,1983,584
1556,regular,1984,607
1556,regular,1985,645
1557,regular,1982,454
1557,regular,1983,562
1557,regular,1984,572
1557,regular,1985,621
1558,small,1982,494
1558,small,1983,545
1558,small,1984,607
1558,small,1985,716
1559,small,1982,513
1559,small,1983,584
1559,small,1984,699
1559,small,1985,751
1560,regular,1982,484
1560,regular,1983,557
1560,regular,1984,648
1560,regular,1985,656
1561,regular,1982,547
1561,regular,1983,562
1561,regular,1984,721
1561,regular,1985,688
1562,small,1982,602
1562,small,1983,612
1562,small,1984,632
1562,small,1985,709
1563,small,1982,520
1563,small,1983,572
1563,small,1984,721
1563,small,1985,692
1564,regular,1982,473
1564,regular,1983,557
1564,regular,1984,615
1564,regular,1985,645
1565,small,1982,473
1565,small,1983,542
1565,small,1984,596
1565,small,1985,639
1566,regular,1982,500
1566,regular,1983,545
1566,regular,1984,561
1566,regular,1985,636
1567,small,1982,528
1567,small,1983,553
1567,small,1984,570
1567,small,1985,618
1568,small,1982,576
1568,small,1983,567
1568,small,1984,648
1568,small,1985,736
1569,small,1982,489
1569,small,1983,538
1569,small,1984,590
1569,small,1985,629
1570,small,1982,500
1570,small,1983,538
1570,small,1984,632
1570,small,1985,676
1571,regular,1982,602
1571,regular,1983,572
1571,regular,1984,639
1571,regular,1985,681
1572,regular,1982,468
1572,regular,1983,497
1572,regular,1984,559
1572,regular,1985,591
1573,small,1982,520
1573,small,1983,553
1573,small,1984,599
1573,small,1985,659
1574,regular,1982,489
1574,regular,1983,553
1574,regular,1984,639
1574,regular,1985,660
1575,small,1982,576
1575,small,1983,549
1575,small,1984,659
1575,small,1985,688
1576,small,1982,520
1576,small,1983,557
1576,small,1984,603
1576,small,1985,709
1577,regular,1982,500
1577,regular,1983,529
1577,regular,1984,557
1577,regular,1985,609
1578,small,1982,459
1578,small,1983,557
1578,small,1984,536
1578,small,1985,599
1579,small,1982,494
1579,small,1983,526
1579,small,1984,556
1579,small,1985,589
1580,small,1982,536
1580,small,1983,523
1580,small,1984,639
1581,small,1982,528
1581,small,1983,567
1581,small,1984,639
1581,small,1985,667
1582,regular,1982,494
1582,regular,1983,549
1582,regular,1984,582
1582,regular,1985,648
1583,small,1982,454
1583,small,1983,578
1583,small,1984,620
1583,small,1985,661
1584,small,1982,494
1584,small,1983,549
1584,small,1984,582
1584,small,1985,680
1585,small,1982,528
1585,small,1983,495
1585,small,1984,543
1585,small,1985,628
1586,small,1982,506
1586,small,1983,515
1586,small,1984,620
1586,small,1985,697
1587,small,1982,449
1587,small,1983,553
1587,small,1984,593
1587,small,1985,697
1588,regular,1982,547
1588,regular,1983,572
1588,regular,1984,699
1589,small,1982,473
1589,small,1983,549
1589,small,1984,626
1589,small,1985,639
1590,regular,1983,542
1590,regular,1984,570
1590,regular,1985,593
1591,small,1982,468
1591,small,1983,493
1591,small,1984,540
1591,small,1985,587
1592,small,1982,449
1592,small,1983,510
1592,small,1984,603
1592,small,1985,661
1593,regular,1982,454
1593,regular,1983,512
1593,regular,1984,550
1593,regular,1985,609
1594,regular,1982,506
1594,regular,1983,486
1594,regular,1984,603
1594,regular,1985,573
1595,small,1982,536
1595,small,1983,523
1595,small,1984,574
1595,small,1985,673
1596,regular,1982,468
1596,regular,1983,523
1596,regular,1984,556
1596,regular,1985,601
1597,small,1982,576
1597,small,1983,545
1597,small,1984,603
1597,small,1985,651
1598,small,1982,489
1598,small,1983,529
1598,small,1984,574
1598,small,1985,664
1599,small,1982,494
1599,small,1983,493
1599,small,1984,545
1599,small,1985,645
1600,regular,1982,444
1600,regular,1983,526
1600,regular,1984,561
1600,regular,1985,603
1601,small,1982,547
1601,small,1983,549
1601,small,1984,565
1601,small,1985,621
1602,small,1982,528
1602,small,1983,490
1602,small,1984,548
1602,small,1985,607
1603,regular,1982,473
1603,regular,1983,523
1603,regular,1984,568
1603,regular,1985,652
1604,small,1982,405
1604,small,1983,446
1604,small,1984,471
1605,regular,1982,399
1605,regular,1983,454
1605,regular,1984,499
1605,regular,1985,544
1606,small,1982,536
1606,small,1983,627
1606,small,1984,674
1606,small,1985,692
1607,small,1982,520
1607,small,1983,584
1607,small,1984,596
1607,small,1985,709
1608,small,1982,520
1608,small,1983,538
1608,small,1984,603
1608,small,1985,659
1609,small,1982,576
1609,small,1983,562
1609,small,1984,603
1609,small,1985,651
1610,small,1982,473
1610,small,1983,529
1610,small,1984,535
1610,small,1985,656
1611,small,1982,434
1611,small,1983,557
1611,small,1984,626
1611,small,1985,649
1612,small,1983,542
1612,small,1984,615
1612,small,1985,661
1613,regular,1982,513
1613,regular,1983,584
1613,regular,1984,659
1613,regular,1985,708
1614,small,1982,559
1614,small,1983,572
1614,small,1985,654
1615,small,1982,513
1615,small,1983,584
1615,small,1984,674
1615,small,1985,751
1616,small,1982,473
1616,small,1983,497
1616,small,1984,559
1616,small,1985,624
1617,small,1982,520
1617,small,1983,549
1617,small,1984,584
1617,small,1985,626
1618,regular,1982,459
1618,regular,1983,584
1618,regular,1984,572
1619,regular,1982,478
1619,regular,1983,532
1619,regular,1984,584
1619,regular,1985,611
1620,regular,1982,468
1620,regular,1983,557
1620,regular,1984,632
1620,regular,1985,652
1621,small,1982,528
1621,small,1983,532
1621,small,1984,603
1621,small,1985,631
1622,small,1982,500
1622,small,1983,549
1622,small,1984,556
1622,small,1985,635
1623,small,1982,463
1623,small,1983,500
1623,small,1984,590
1623,small,1985,651
1624,small,1982,468
1624,small,1983,518
1624,small,1984,577
1624,small,1985,667
1625,small,1982,489
1625,small,1983,523
1625,small,1984,528
1625,small,1985,580
1626,small,1982,463
1626,small,1983,523
1626,small,1984,590
1626,small,1985,673
1627,regular,1982,463
1627,regular,1983,557
1627,regular,1984,572
1627,regular,1985,626
1628,regular,1982,626
1628,regular,1983,592
1628,regular,1984,639
1628,regular,1985,688
1629,small,1982,454
1629,small,1983,526
1629,small,1984,590
1629,small,1985,618
1630,small,1982,473
1630,small,1983,535
1630,small,1984,572
1630,small,1985,656
1631,regular,1982,500
1631,regular,1983,572
1631,regular,1984,648
1631,regular,1985,688
1632,small,1982,449
1632,small,1983,479
1632,small,1984,557
1632,small,1985,619
1633,small,1982,547
1633,small,1983,545
1633,small,1984,659
1633,small,1985,656
1634,small,1982,500
1634,small,1983,526
1634,small,1984,579
1634,small,1985,684
1635,small,1982,576
1635,small,1983,553
1635,small,1984,620
1635,small,1985,664
1636,regular,1982,463
1636,regular,1983,532
1636,regular,1984,607
1636,regular,1985,648
1637,small,1982,494
1637,small,1983,526
1637,small,1984,577
1637,small,1985,651
1638,regular,1982,559
1638,regular,1983,572
1638,regular,1984,615
1638,regular,1985,648
1639,regular,1982,459
1639,regular,1983,520
1639,regular,1984,584
1639,regular,1985,626
1640,small,1982,520
1640,small,1983,495
1640,small,1984,565
1640,small,1985,664
1641,regular,1982,547
1641,regular,1983,601
1641,regular,1984,648
1641,regular,1985,642
1642,small,1982,576
1642,small,1983,592
1642,small,1984,648
1642,small,1985,670
1643,small,1982,528
1643,small,1983,542
1643,small,1984,563
1643,small,1985,659
1644,small,1983,584
1644,small,1984,632
1644,small,1985,692
1645,small,1982,473
1645,small,1983,538
1645,small,1984,546
1645,small,1985,631
1646,small,1982,513
1646,small,1983,549
1646,small,1985,649
1647,small,1982,468
1647,small,1983,523
1647,small,1984,568
1648,small,1982,459
1648,small,1983,557
1648,small,1984,603
1648,small,1985,667
1649,small,1982,506
1649,small,1983,532
1649,small,1984,626
1649,small,1985,688
1650,small,1982,576
1650,small,1983,612
1650,small,1984,639
1650,small,1985,670
1651,small,1982,418
1651,small,1983,526
1651,small,1984,587
1651,small,1985,670
1652,small,1982,494
1652,small,1983,592
1652,small,1984,587
1652,small,1985,709
1653,small,1982,489
1653,small,1983,529
1653,small,1984,603
1653,small,1985,667
1654,small,1982,547
1654,small,1983,578
1654,small,1984,632
1654,small,1985,673
1655,small,1982,494
1655,small,1983,526
1655,small,1984,540
1655,small,1985,544
1656,small,1982,500
1656,small,1983,584
1656,small,1984,674
1656,small,1985,670
1657,small,1982,500
1657,small,1983,584
1657,small,1984,639
1658,small,1982,536
1658,small,1983,542
1658,small,1984,550
1658,small,1985,673
1659,regular,1982,506
1659,regular,1983,627
1659,regular,1984,659
1659,regular,1985,664
1660,small,1982,576
1660,small,1983,627
1660,small,1984,659
1660,small,1985,716
1661,small,1982,576
1661,small,1983,538
1661,small,1984,570
1661,small,1985,659
1662,small,1982,559
1662,small,1983,584
1662,small,1984,659
1662,small,1985,692
1663,small,1982,576
1663,small,1983,542
1663,small,1984,565
1663,small,1985,611
1664,small,1982,454
1664,small,1983,601
1664,small,1984,607
1664,small,1985,661
1665,small,1982,506
1665,small,1983,518
1665,small,1984,577
1665,small,1985,643
1666,small,1982,528
1666,small,1983,507
1666,small,1984,528
1666,small,1985,607
1667,small,1982,444
1667,small,1983,518
1667,small,1984,528
1667,small,1985,633
1668,small,1982,626
1668,small,1983,653
1668,small,1984,648
1668,small,1985,725
1669,regular,1982,500
1669,regular,1983,553
1669,regular,1984,584
1669,regular,1985,611
1670,small,1983,523
1670,small,1984,596
1670,small,1985,656
1671,small,1982,500
1671,small,1983,562
1671,small,1984,639
1671,small,1985,688
1672,small,1982,513
1672,small,1983,562
1672,small,1984,556
1672,small,1985,651
1673,small,1982,473
1673,small,1983,592
1673,small,1984,579
1673,small,1985,670
1674,small,1982,484
1674,small,1983,567
1674,small,1984,599
1674,small,1985,673
1675,regular,1982,489
1675,regular,1983,515
1675,regular,1984,543
1675,regular,1985,579
1676,regular,1982,478
1676,regular,1983,542
1676,regular,1984,607
1676,regular,1985,613
1677,small,1982,494
1677,small,1983,545
1677,small,1984,611
1677,small,1985,631
1678,small,1982,602
1678,small,1983,584
1678,small,1984,593
1678,small,1985,667
1679,regular,1982,547
1679,regular,1983,520
1679,regular,1984,556
1679,regular,1985,609
1680,small,1982,602
1680,small,1983,592
1680,small,1984,699
1680,small,1985,697
1681,small,1982,520
1681,small,1983,572
1681,small,1984,620
1681,small,1985,661
1682,small,1982,478
1682,small,1983,520
1682,small,1984,541
1682,small,1985,610
1683,small,1982,444
1683,small,1983,512
1683,small,1984,554
1683,small,1985,604
1684,small,1982,478
1684,small,1983,526
1685,small,1982,513
1685,small,1983,484
1685,small,1984,587
1685,small,1985,680
1686,regular,1982,459
1686,regular,1983,477
1686,regular,1984,520
1686,regular,1985,579
1687,regular,1982,602
1687,regular,1983,612
1687,regular,1984,659
1687,regular,1985,697
1688,small,1982,439
1688,small,1983,553
1688,small,1984,557
1688,small,1985,599
1689,small,1982,478
1689,small,1983,481
1690,small,1982,494
1690,small,1983,542
1690,small,1984,577
1690,small,1985,611
1691,small,1982,489
1691,small,1983,520
1691,small,1984,545
1691,small,1985,628
1692,small,1982,500
1692,small,1983,553
1692,small,1984,648
1692,small,1985,661
1693,small,1982,536
1693,small,1983,592
1693,small,1984,611
1693,small,1985,688
1694,small,1982,468
1694,small,1983,553
1694,small,1984,615
1694,small,1985,661
1695,small,1982,500
1695,small,1983,529
1695,small,1984,548
1695,small,1985,639
1696,regular,1982,478
1696,regular,1983,526
1696,regular,1984,577
1696,regular,1985,628
1697,small,1982,468
1697,small,1983,523
1697,small,1984,510
1697,small,1985,595
1698,regular,1982,434
1698,regular,1983,532
1698,regular,1984,603
1698,regular,1985,664
1699,small,1982,520
1699,small,1983,529
1699,small,1984,639
1699,small,1985,664
1700,small,1982,602
1700,small,1983,601
1700,small,1984,632
1700,small,1985,676
1701,small,1982,528
1701,small,1983,627
1701,small,1984,648
1701,small,1985,684
1702,small,1982,444
1702,small,1983,502
1702,small,1984,577
1703,small,1982,463
1703,small,1983,535
1703,small,1984,596
1703,small,1985,673
1704,small,1982,626
1704,small,1983,627
1704,small,1984,721
1704,small,1985,725
1705,small,1982,484
1705,small,1983,553
1705,small,1984,620
1705,small,1985,664
1706,small,1983,493
1706,small,1984,570
1706,small,1985,631
1707,regular,1982,494
1707,regular,1983,515
1707,regular,1984,607
1707,regular,1985,645
1708,small,1982,468
1708,small,1983,538
1708,small,1984,590
1708,small,1985,688
1709,small,1982,484
1709,small,1983,493
1709,small,1984,554
1709,small,1985,613
1710,small,1982,484
1710,small,1983,545
1710,small,1984,568
1710,small,1985,602
1711,small,1982,513
1711,small,1983,584
1711,small,1985,661
1712,small,1982,506
1712,small,1983,523
1712,small,1984,557
1712,small,1985,633
1713,small,1982,489
1713,small,1983,578
1713,small,1984,639
1713,small,1985,656
1714,small,1982,468
1714,small,1983,532
1714,small,1984,540
1714,small,1985,584
1715,small,1982,484
1715,small,1983,535
1715,small,1984,577
1715,small,1985,619
1716,regular,1982,520
1716,regular,1983,535
1716,regular,1984,620
1716,regular,1985,652
1717,small,1982,547
1717,small,1983,572
1717,small,1984,674
1717,small,1985,777
1718,regular,1982,473
1718,regular,1983,520
1718,regular,1984,528
1718,regular,1985,605
1719,small,1982,559
1719,small,1983,515
1719,small,1985,637
1720,small,1982,468
1720,small,1983,538
1720,small,1984,593
1720,small,1985,626
1721,small,1982,536
1721,small,1983,601
1721,small,1984,699
1721,small,1985,725
1722,small,1982,536
1722,small,1983,545
1722,small,1984,603
1722,small,1985,647
1723,small,1982,484
1723,small,1983,562
1723,small,1984,648
1723,small,1985,684
1724,small,1982,520
1724,small,1983,578
1724,small,1984,626
1724,small,1985,661
1725,small,1982,478
1725,small,1983,562
1725,small,1984,593
1725,small,1985,654
1726,small,1982,463
1726,small,1983,512
1726,small,1984,536
1726,small,1985,592
1727,small,1982,418
1728,small,1983,515
1728,small,1984,528
1728,small,1985,563
1729,small,1982,500
1729,small,1983,529
1729,small,1984,552
1729,small,1985,633
1730,small,1982,468
1730,small,1983,493
1730,small,1984,572
1731,small,1982,473
1731,small,1983,488
1731,small,1984,546
1731,small,1985,611
1732,regular,1982,484
1732,regular,1983,488
1732,regular,1984,502
1733,small,1983,676
1733,small,1984,659
1733,small,1985,692
1734,small,1982,473
1734,small,1983,505
1734,small,1984,545
1734,small,1985,607
1735,small,1982,429
1735,small,1983,505
1735,small,1984,565
1735,small,1985,637
1736,small,1982,463
1736,small,1983,542
1736,small,1984,577
1736,small,1985,619
1738,regular,1982,468
1738,regular,1983,545
1738,regular,1984,607
1738,regular,1985,648
1739,regular,1982,559
1739,regular,1983,572
1739,regular,1985,605
1740,small,1982,463
1740,small,1983,567
1740,small,1984,556
1740,small,1985,656
1741,small,1982,449
1741,small,1983,520
1741,small,1984,526
1741,small,1985,602
1742,regular,1982,520
1742,regular,1983,545
1742,regular,1984,582
1742,regular,1985,636
1743,small,1982,506
1743,small,1983,538
1743,small,1984,626
1743,small,1985,654
1744,small,1982,506
1744,small,1983,567
1744,small,1984,639
1744,small,1985,725
1745,small,1982,478
1745,small,1983,510
1745,small,1984,563
1745,small,1985,637
1746,regular,1982,449
1746,regular,1983,532
1746,regular,1984,563
1746,regular,1985,591
1747,small,1982,506
1747,small,1983,572
1747,small,1984,615
1747,small,1985,654
1748,small,1982,547
1748,small,1983,553
1748,small,1984,615
1748,small,1985,676
1749,small,1982,468
1749,small,1983,518
1749,small,1984,579
1749,small,1985,629
1750,small,1982,520
1750,small,1983,653
1750,small,1984,574
1750,small,1985,641
1751,small,1982,478
1751,small,1983,518
1751,small,1984,607
1751,small,1985,673
1752,small,1982,576
1752,small,1983,592
1752,small,1984,615
1752,small,1985,703
1753,regular,1982,602
1753,regular,1983,526
1753,regular,1984,582
1753,regular,1985,675
1754,small,1982,473
1754,small,1983,510
1754,small,1984,563
1754,small,1985,595
1755,small,1982,576
1755,small,1983,612
1755,small,1984,626
1755,small,1985,709
1756,small,1982,576
1756,small,1983,553
1756,small,1984,561
1756,small,1985,651
1757,regular,1982,506
1757,regular,1983,601
1757,regular,1984,639
1757,regular,1985,636
1758,small,1982,444
1758,small,1983,562
1758,small,1984,615
1758,small,1985,651
1759,small,1982,506
1759,small,1983,549
1759,small,1984,659
1759,small,1985,619
1760,small,1982,473
1760,small,1983,479
1760,small,1984,559
1760,small,1985,607
1761,small,1982,513
1761,small,1983,578
1761,small,1984,572
1761,small,1985,651
1762,small,1982,500
1762,small,1983,529
1762,small,1984,615
1762,small,1985,654
1763,small,1982,520
1763,small,1983,572
1763,small,1984,659
1763,small,1985,697
1764,small,1982,520
1764,small,1983,592
1764,small,1984,674
1764,small,1985,637
1765,small,1982,528
1765,small,1983,627
1765,small,1984,632
1766,small,1982,463
1766,small,1983,535
1766,small,1984,557
1766,small,1985,624
1767,small,1982,576
1767,small,1983,567
1767,small,1984,584
1767,small,1985,656
1768,small,1982,576
1768,small,1983,562
1768,small,1984,639
1768,small,1985,684
1769,small,1982,576
1769,small,1983,601
1769,small,1984,659
1769,small,1985,703
1770,regular,1982,454
1770,regular,1983,545
1770,regular,1984,584
1770,regular,1985,628
1771,small,1982,459
1771,small,1983,486
1771,small,1984,536
1772,small,1982,494
1772,small,1983,505
1772,small,1984,565
1772,small,1985,635
1773,small,1982,602
1773,small,1983,592
1773,small,1984,674
1773,small,1985,703
1774,small,1982,405
1774,small,1983,512
1774,small,1984,574
1774,small,1985,618
1775,small,1982,484
1775,small,1983,562
1775,small,1984,659
1775,small,1985,664
1776,small,1982,468
1776,small,1983,553
1776,small,1984,615
1776,small,1985,614
1777,small,1983,545
1777,small,1984,570
1777,small,1985,629
1778,small,1982,468
1778,small,1983,515
1778,small,1984,550
1778,small,1985,592
1779,small,1982,547
1779,small,1983,572
1779,small,1984,599
1779,small,1985,667
1780,small,1982,520
1780,small,1983,567
1780,small,1984,632
1780,small,1985,654
1781,small,1983,584
1781,small,1984,615
1781,small,1985,641
1782,small,1982,478
1782,small,1983,523
1782,small,1984,579
1782,small,1985,635
1783,small,1982,513
1783,small,1983,520
1783,small,1984,584
1783,small,1985,673
1784,small,1982,559
1784,small,1983,627
1784,small,1984,699
1784,small,1985,751
1785,small,1982,473
1785,small,1983,562
1785,small,1984,574
1785,small,1985,614
1786,small,1982,576
1786,small,1983,627
1786,small,1984,699
1786,small,1985,716
1787,regular,1982,449
1787,regular,1983,523
1787,regular,1984,590
1787,regular,1985,639
1788,small,1982,520
1788,small,1983,584
1788,small,1984,639
1788,small,1985,667
1789,small,1982,602
1789,small,1983,627
1789,small,1984,699
1789,small,1985,697
1790,small,1982,547
1790,small,1983,518
1790,small,1984,490
1791,regular,1982,494
1791,regular,1983,653
1791,regular,1984,699
1791,regular,1985,749
1792,small,1982,484
1792,small,1983,529
1792,small,1984,554
1792,small,1985,645
1793,small,1982,444
1793,small,1983,515
1793,small,1984,556
1793,small,1985,614
1794,small,1982,454
1794,small,1983,472
1794,small,1984,561
1794,small,1985,629
1795,small,1982,576
1795,small,1983,592
1795,small,1984,659
1795,small,1985,703
1796,small,1982,536
1796,small,1983,567
1796,small,1985,680
1797,regular,1982,506
1797,regular,1983,601
1797,regular,1984,615
1797,regular,1985,648
1798,regular,1982,500
1798,regular,1983,518
1798,regular,1984,599
1798,regular,1985,633
1799,small,1982,484
1799,small,1983,538
1799,small,1984,565
1799,small,1985,645
1800,small,1982,463
1800,small,1983,562
1800,small,1984,568
1800,small,1985,664
1801,regular,1982,494
1801,regular,1983,538
1801,regular,1984,607
1801,regular,1985,652
1802,small,1982,489
1802,small,1983,545
1802,small,1984,577
1802,small,1985,607
1803,small,1982,513
1803,small,1983,535
1803,small,1984,611
1803,small,1985,637
1804,regular,1982,449
1804,regular,1983,518
1804,regular,1984,563
1805,small,1982,520
1805,small,1983,523
1805,small,1984,546
1805,small,1985,656
1806,small,1983,601
1806,small,1984,620
1806,small,1985,647
1807,small,1982,547
1807,small,1983,601
1807,small,1984,611
1807,small,1985,656
1808,regular,1982,459
1808,regular,1983,549
1808,regular,1984,579
1808,regular,1985,639
1809,small,1982,547
1809,small,1983,592
1809,small,1984,632
1809,small,1985,684
1810,small,1982,459
1810,small,1983,549
1810,small,1984,572
1810,small,1985,641
1811,regular,1982,473
1811,regular,1983,567
1811,regular,1984,561
1811,regular,1985,594
1812,small,1982,478
1812,small,1983,601
1812,small,1984,603
1812,small,1985,692
1813,small,1982,494
1813,small,1983,562
1813,small,1984,577
1814,small,1982,484
1814,small,1983,468
1814,small,1984,512
1814,small,1985,580
1815,small,1982,489
1815,small,1983,562
1815,small,1984,620
1815,small,1985,692
1816,small,1982,528
1816,small,1983,627
1816,small,1984,626
1816,small,1985,697
1817,small,1982,459
1817,small,1983,507
1817,small,1984,536
1817,small,1985,607
1818,small,1982,513
1818,small,1983,505
1818,small,1984,565
1818,small,1985,610
1819,regular,1983,502
1819,regular,1984,572
1819,regular,1985,648
1820,regular,1982,547
1820,regular,1983,562
1820,regular,1984,574
1820,regular,1985,611
1821,small,1982,463
1821,small,1983,535
1821,small,1984,584
1821,small,1985,610
1822,small,1982,536
1822,small,1983,612
1822,small,1984,620
1822,small,1985,716
1823,small,1982,626
1823,small,1983,562
1823,small,1984,615
1823,small,1985,661
1824,regular,1982,459
1824,regular,1983,474
1824,regular,1984,523
1824,regular,1985,553
1825,small,1982,547
1825,small,1983,557
1825,small,1984,674
1825,small,1985,673
1826,small,1982,473
1826,small,1983,526
1826,small,1984,721
1826,small,1985,661
1827,small,1982,506
1827,small,1983,627
1827,small,1984,632
1827,small,1985,736
1828,small,1982,500
1828,small,1983,557
1828,small,1984,565
1828,small,1985,611
1829,small,1982,547
1829,small,1983,549
1829,small,1984,632
1829,small,1985,667
1830,regular,1982,489
1830,regular,1983,567
1830,regular,1984,626
1830,regular,1985,648
1831,small,1982,494
1831,small,1983,549
1831,small,1984,590
1831,small,1985,661
1832,small,1982,468
1832,small,1983,545
1832,small,1984,615
1832,small,1985,654
1833,small,1982,513
1833,small,1983,523
1833,small,1984,530
1834,small,1983,584
1834,small,1984,587
1834,small,1985,676
1835,small,1982,468
1835,small,1983,545
1835,small,1984,603
1835,small,1985,635
1836,regular,1982,463
1836,regular,1983,515
1836,regular,1984,545
1836,regular,1985,591
1837,regular,1982,463
1837,regular,1983,515
1837,regular,1984,632
1837,regular,1985,607
1838,small,1982,444
1838,small,1983,529
1838,small,1984,565
1838,small,1985,616
1839,small,1982,547
1839,small,1983,627
1839,small,1984,648
1839,small,1985,751
1840,small,1982,547
1840,small,1983,567
1840,small,1984,632
1840,small,1985,692
1841,small,1982,506
1841,small,1983,584
1841,small,1984,632
1841,small,1985,736
1842,small,1982,500
1842,small,1983,592
1842,small,1984,599
1842,small,1985,692
1843,small,1982,513
1843,small,1983,515
1843,small,1984,541
1843,small,1985,608
1844,small,1982,506
1844,small,1983,601
1844,small,1984,556
1844,small,1985,628
1845,regular,1982,478
1845,regular,1983,520
1845,regular,1984,579
1845,regular,1985,623
1846,small,1982,602
1846,small,1983,545
1846,small,1984,611
1846,small,1985,647
1847,small,1982,478
1847,small,1983,612
1847,small,1984,590
1847,small,1985,703
1848,small,1982,520
1848,small,1983,502
1848,small,1984,607
1848,small,1985,684
1849,regular,1982,520
1849,regular,1983,592
1849,regular,1984,582
1849,regular,1985,648
1850,regular,1982,506
1850,regular,1983,542
1850,regular,1984,596
1850,regular,1985,633
1851,small,1982,500
1851,small,1983,612
1851,small,1984,699
1851,small,1985,725
1852,regular,1982,468
1852,regular,1983,529
1852,regular,1985,591
1853,small,1982,559
1853,small,1983,592
1853,small,1984,611
1853,small,1985,692
1854,small,1982,439
1854,small,1983,532
1854,small,1984,582
1854,small,1985,598
1855,small,1982,463
1855,small,1983,538
1855,small,1984,514
1856,small,1982,536
1856,small,1983,562
1856,small,1984,561
1856,small,1985,649
1857,small,1982,454
1857,small,1983,502
1857,small,1984,548
1857,small,1985,633
1858,small,1982,463
1858,small,1983,529
1858,small,1984,611
1858,small,1985,659
1859,small,1982,528
1859,small,1983,567
1859,small,1984,626
1859,small,1985,751
1860,regular,1982,423
1860,regular,1983,523
1860,regular,1984,557
1860,regular,1985,642
1861,small,1982,494
1861,small,1983,535
1861,small,1984,584
1861,small,1985,656
1862,regular,1982,626
1862,regular,1983,592
1862,regular,1984,632
1862,regular,1985,642
1863,regular,1982,602
1863,regular,1983,553
1863,regular,1984,632
1863,regular,1985,645
1864,small,1982,454
1864,small,1983,465
1864,small,1984,550
1864,small,1985,584
1865,regular,1982,513
1865,regular,1983,584
1865,regular,1984,721
1865,regular,1985,675
1866,small,1982,449
1866,small,1983,520
1866,small,1984,552
1866,small,1985,619
1867,regular,1982,536
1867,regular,1983,584
1867,regular,1984,603
1867,regular,1985,645
1868,small,1982,520
1868,small,1983,526
1868,small,1984,543
1868,small,1985,621
1869,small,1982,559
1869,small,1983,601
1869,small,1984,590
1869,small,1985,684
1870,small,1983,557
1870,small,1984,596
1870,small,1985,641
1871,regular,1982,500
1871,regular,1983,542
1871,regular,1984,648
1871,regular,1985,642
1872,small,1982,513
1872,small,1983,535
1872,small,1984,535
1873,small,1982,513
1873,small,1983,562
1873,small,1984,626
1873,small,1985,676
1874,regular,1982,468
1874,regular,1983,567
1874,regular,1984,584
1874,regular,1985,628
1875,small,1982,468
1875,small,1983,512
1875,small,1984,577
1875,small,1985,624
1876,small,1982,520
1876,small,1983,562
1876,small,1984,607
1876,small,1985,618
1877,small,1982,375
1877,small,1983,520
1877,small,1985,613
1878,small,1982,520
1878,small,1983,612
1878,small,1984,674
1878,small,1985,661
1879,regular,1982,468
1879,regular,1983,507
1879,regular,1984,565
1879,regular,1985,603
1880,small,1982,506
1880,small,1983,557
1880,small,1984,620
1880,small,1985,692
1881,small,1982,559
1881,small,1983,592
1881,small,1984,599
1881,small,1985,716
1882,small,1982,506
1882,small,1983,529
1882,small,1984,596
1882,small,1985,659
1883,small,1982,454
1883,small,1983,518
1883,small,1984,584
1883,small,1985,635
1884,small,1982,506
1884,small,1983,627
1884,small,1984,639
1884,small,1985,659
1885,small,1982,536
1885,small,1983,502
1885,small,1984,582
1885,small,1985,649
1886,small,1983,557
1886,small,1984,568
1886,small,1985,697
1887,regular,1982,463
1887,regular,1983,512
1887,regular,1984,584
1887,regular,1985,623
1888,regular,1982,444
1888,regular,1983,512
1888,regular,1984,531
1888,regular,1985,605
1889,small,1982,489
1889,small,1983,538
1889,small,1984,603
1889,small,1985,598
1890,small,1982,489
1890,small,1983,553
1890,small,1984,603
1890,small,1985,692
1891,regular,1982,478
1891,regular,1983,592
1891,regular,1984,563
1891,regular,1985,652
1892,small,1982,520
1892,small,1983,578
1892,small,1984,632
1892,small,1985,673
1893,small,1983,584
1893,small,1985,684
1894,small,1982,489
1894,small,1983,507
1894,small,1984,565
1894,small,1985,619
1895,small,1982,412
1895,small,1983,520
1895,small,1984,582
1895,small,1985,649
1896,small,1982,484
1896,small,1983,532
1896,small,1984,587
1896,small,1985,639
1897,small,1982,468
1897,small,1983,612
1897,small,1984,659
1897,small,1985,697
1898,small,1982,478
1898,small,1983,545
1898,small,1984,550
1899,regular,1982,520
1899,regular,1983,549
1899,regular,1984,699
1899,regular,1985,697
1900,small,1982,500
1900,small,1983,549
1900,small,1984,611
1900,small,1985,618
1901,small,1982,547
1901,small,1983,676
1901,small,1984,639
1901,small,1985,703
1902,small,1982,520
1902,small,1983,567
1902,small,1984,639
1902,small,1985,661
1903,small,1982,484
1903,small,1983,557
1903,small,1984,603
1903,small,1985,670
1904,regular,1982,506
1904,regular,1983,612
1904,regular,1984,626
1904,regular,1985,639
1905,small,1982,429
1905,small,1983,465
1905,small,1984,550
1905,small,1985,584
1906,regular,1982,478
1906,regular,1983,529
1906,regular,1984,538
1906,regular,1985,567
1907,small,1982,536
1907,small,1983,578
1907,small,1984,615
1907,small,1985,667
1908,regular,1982,484
1908,regular,1983,518
1908,regular,1984,546
1908,regular,1985,579
1909,small,1982,547
1909,small,1983,553
1909,small,1984,632
1909,small,1985,676
1910,regular,1982,494
1910,regular,1983,520
1910,regular,1984,584
1910,regular,1985,571
1911,small,1982,626
1911,small,1983,592
1911,small,1984,721
1911,small,1985,697
1912,small,1982,576
1912,small,1983,512
1912,small,1984,699
1912,small,1985,680
1913,regular,1982,478
1913,regular,1983,549
1913,regular,1984,607
1913,regular,1985,626
1914,small,1982,444
1914,small,1983,510
1914,small,1984,584
1914,small,1985,631
1915,small,1982,429
1915,small,1983,507
1915,small,1984,552
1916,small,1982,602
1916,small,1983,542
1916,small,1984,659
1916,small,1985,725
1917,small,1982,559
1917,small,1983,567
1917,small,1984,565
1917,small,1985,659
1918,regular,1982,513
1918,regular,1983,553
1918,regular,1984,626
1918,regular,1985,664
1919,regular,1982,528
1919,regular,1983,520
1919,regular,1984,590
1919,regular,1985,583
1920,small,1982,459
1920,small,1983,584
1920,small,1985,676
1921,small,1983,567
1921,small,1984,577
1921,small,1985,639
1922,small,1982,559
1922,small,1983,488
1922,small,1985,553
1923,regular,1983,553
1923,regular,1984,639
1923,regular,1985,664
1924,regular,1982,478
1924,regular,1983,523
1924,regular,1984,577
1924,regular,1985,636
1925,regular,1982,439
1925,regular,1983,526
1925,regular,1984,530
1925,regular,1985,585
1926,small,1982,602
1926,small,1983,627
1926,small,1984,626
1926,small,1985,697
1927,small,1982,478
1927,small,1983,535
1927,small,1984,620
1927,small,1985,661
1928,small,1982,478
1928,small,1983,578
1928,small,1984,582
1928,small,1985,641
1929,small,1982,528
1929,small,1983,601
1929,small,1984,648
1929,small,1985,692
1930,small,1982,468
1930,small,1983,526
1930,small,1984,579
1930,small,1985,651
1931,small,1982,494
1931,small,1983,567
1931,small,1984,699
1931,small,1985,736
1932,small,1982,513
1932,small,1983,601
1932,small,1984,632
1932,small,1985,667
1933,regular,1982,489
1933,regular,1983,535
1933,regular,1984,603
1933,regular,1985,605
1934,regular,1982,489
1934,regular,1983,557
1934,regular,1984,626
1934,regular,1985,652
1935,regular,1982,463
1935,regular,1983,532
1935,regular,1984,648
1935,regular,1985,615
1936,small,1982,489
1936,small,1983,592
1936,small,1984,620
1936,small,1985,667
1937,regular,1982,559
1937,regular,1983,653
1937,regular,1984,674
1937,regular,1985,675
1938,small,1982,506
1938,small,1983,532
1938,small,1984,603
1938,small,1985,637
1939,regular,1982,559
1939,regular,1983,612
1939,regular,1984,620
1939,regular,1985,660
1940,regular,1982,444
1940,regular,1983,567
1940,regular,1984,648
1940,regular,1985,626
1941,regular,1982,484
1941,regular,1983,538
1941,regular,1984,579
1942,small,1982,520
1942,small,1983,549
1942,small,1984,568
1942,small,1985,596
1943,regular,1982,513
1943,regular,1983,601
1943,regular,1984,611
1943,regular,1985,688
1944,small,1982,454
1944,small,1983,553
1944,small,1984,526
1944,small,1985,626
1945,small,1982,506
1945,small,1983,529
1945,small,1984,574
1945,small,1985,618
1946,small,1982,484
1946,small,1983,562
1946,small,1984,599
1946,small,1985,688
1947,small,1982,484
1947,small,1983,545
1947,small,1985,651
1948,regular,1983,479
1948,regular,1984,512
1948,regular,1985,598
1949,small,1982,489
1949,small,1983,542
1949,small,1984,557
1949,small,1985,654
1950,small,1982,473
1950,small,1983,545
1950,small,1984,615
1950,small,1985,645
1951,small,1982,500
1951,small,1983,535
1951,small,1984,582
1951,small,1985,656
1952,small,1982,500
1952,small,1983,557
1952,small,1985,670
1953,regular,1982,444
1953,regular,1983,553
1953,regular,1984,570
1953,regular,1985,605
1954,small,1982,484
1954,small,1983,529
1954,small,1984,611
1954,small,1985,643
1955,small,1982,494
1955,small,1983,523
1955,small,1984,582
1955,small,1985,645
1956,regular,1982,576
1956,regular,1983,592
1956,regular,1984,620
1956,regular,1985,675
1957,small,1982,547
1957,small,1983,553
1957,small,1984,603
1957,small,1985,676
1958,regular,1982,506
1958,regular,1983,535
1958,regular,1984,593
1958,regular,1985,601
1959,small,1982,489
1959,small,1983,520
1959,small,1984,674
1959,small,1985,593
1960,small,1982,536
1960,small,1983,553
1960,small,1984,561
1960,small,1985,661
1961,small,1982,429
1961,small,1983,510
1961,small,1984,596
1961,small,1985,641
1962,small,1982,528
1962,small,1983,578
1962,small,1984,577
1962,small,1985,622
1963,small,1982,478
1963,small,1983,545
1963,small,1984,593
1963,small,1985,639
1964,small,1982,506
1964,small,1983,567
1964,small,1984,590
1964,small,1985,684
1965,small,1982,559
1965,small,1983,653
1965,small,1984,599
1966,regular,1982,536
1966,regular,1983,562
1966,regular,1984,570
1966,regular,1985,617
1967,small,1982,484
1967,small,1983,510
1967,small,1984,590
1967,small,1985,647
1968,regular,1982,454
1968,regular,1983,500
1968,regular,1984,587
1968,regular,1985,609
1969,small,1982,520
1969,small,1983,627
1969,small,1984,603
1969,small,1985,751
1970,small,1982,536
1970,small,1983,567
1970,small,1984,674
1970,small,1985,697
1971,regular,1982,559
1971,regular,1983,567
1971,regular,1984,599
1971,regular,1985,648
1972,small,1982,520
1972,small,1983,549
1972,small,1984,615
1972,small,1985,635
1973,small,1982,506
1973,small,1983,538
1973,small,1984,565
1973,small,1985,593
1974,small,1982,500
1974,small,1983,572
1974,small,1984,611
1974,small,1985,751
1975,small,1982,454
1975,small,1983,510
1975,small,1984,582
1975,small,1985,639
1976,regular,1982,473
1976,regular,1983,493
1976,regular,1984,525
1976,regular,1985,582
1977,regular,1982,463
1977,regular,1983,535
1977,regular,1984,557
1977,regular,1985,593
1978,small,1983,612
1978,small,1984,590
1978,small,1985,709
1979,regular,1982,484
1979,regular,1983,553
1979,regular,1984,626
1979,regular,1985,633
1980,small,1982,449
1980,small,1983,523
1980,small,1984,550
1980,small,1985,639
1981,small,1982,478
1981,small,1983,523
1981,small,1984,559
1981,small,1985,593
1982,small,1982,444
1982,small,1983,557
1982,small,1984,577
1982,small,1985,641
1983,small,1983,470
1983,small,1984,531
1983,small,1985,614
1984,small,1982,478
1984,small,1983,532
1984,small,1984,568
1984,small,1985,624
1985,small,1982,547
1985,small,1983,572
1985,small,1984,626
1985,small,1985,670
1986,regular,1982,494
1986,regular,1983,535
1986,regular,1984,559
1986,regular,1985,583
1987,small,1982,459
1987,small,1983,500
1987,small,1984,572
1987,small,1985,598
1988,regular,1982,500
1988,regular,1983,529
1988,regular,1984,568
1988,regular,1985,626
1989,regular,1982,434
1989,regular,1983,477
1989,regular,1984,531
1990,regular,1982,506
1990,regular,1983,553
1990,regular,1984,582
1990,regular,1985,639
1991,small,1982,576
1991,small,1983,601
1991,small,1984,659
1991,small,1985,676
1992,small,1982,520
1992,small,1983,578
1992,small,1984,626
1992,small,1985,692
1993,regular,1982,506
1993,regular,1983,578
1993,regular,1984,639
1993,regular,1985,642
1994,regular,1982,528
1994,regular,1983,553
1994,regular,1984,632
1994,regular,1985,669
1995,small,1982,576
1995,small,1983,584
1995,small,1984,632
1995,small,1985,751
1996,regular,1982,473
1996,regular,1983,484
1996,regular,1984,554
1996,regular,1985,598
1997,small,1982,484
1997,small,1983,584
1997,small,1984,620
1997,small,1985,709
1998,small,1982,547
1998,small,1983,592
1998,small,1984,611
1998,small,1985,684
1999,regular,1982,478
1999,regular,1983,584
1999,regular,1984,632
1999,regular,1985,639
2000,regular,1982,489
2000,regular,1983,545
2000,regular,1984,699
2000,regular,1985,645
2001,small,1982,439
2001,small,1983,515
2001,small,1985,584
2002,small,1982,513
2002,small,1983,549
2002,small,1984,574
2002,small,1985,673
2003,regular,1982,463
2003,regular,1983,515
2003,regular,1984,584
2003,regular,1985,588
2004,small,1982,473
2004,small,1983,549
2004,small,1984,639
2005,regular,1982,536
2005,regular,1983,676
2005,regular,1984,659
2005,regular,1985,664
2006,small,1982,449
2006,small,1983,523
2006,small,1984,565
2006,small,1985,611
2007,small,1982,500
2007,small,1983,592
2007,small,1984,648
2007,small,1985,649
2008,regular,1982,429
2008,regular,1983,486
2008,regular,1984,530
2008,regular,1985,577
2009,small,1982,576
2009,small,1983,584
2009,small,1984,603
2009,small,1985,626
2010,regular,1982,449
2010,regular,1983,444
2010,regular,1984,510
2010,regular,1985,561
2011,small,1982,602
2011,small,1983,612
2011,small,1984,639
2011,small,1985,688
2012,small,1982,484
2012,small,1983,549
2012,small,1984,626
2012,small,1985,659
2013,regular,1982,513
2013,regular,1983,562
2013,regular,1984,626
2013,regular,1985,615
2014,regular,1982,459
2014,regular,1983,553
2014,regular,1984,557
2014,regular,1985,596
2015,regular,1982,536
2015,regular,1983,567
2015,regular,1984,603
2015,regular,1985,636
2016,regular,1982,494
2016,regular,1983,526
2016,regular,1984,530
2016,regular,1985,562
2017,small,1982,434
2017,small,1983,510
2017,small,1984,565
2017,small,1985,618
2018,small,1982,478
2018,small,1983,592
2018,small,1984,626
2018,small,1985,716
2019,small,1982,576
2019,small,1983,612
2019,small,1984,699
2019,small,1985,725
2020,small,1982,459
2020,small,1983,520
2020,small,1984,528
2020,small,1985,654
2021,regular,1982,500
2021,regular,1983,532
2021,regular,1985,607
2022,small,1982,576
2022,small,1983,627
2022,small,1984,626
2023,small,1982,513
2023,small,1983,526
2023,small,1984,620
2023,small,1985,703
2024,small,1982,473
2024,small,1983,578
2024,small,1984,632
2024,small,1985,659
2025,regular,1983,567
2025,regular,1984,603
2025,regular,1985,611
2026,small,1983,584
2026,small,1984,603
2026,small,1985,645
2027,small,1982,454
2027,small,1983,479
2027,small,1984,535
2027,small,1985,639
2028,regular,1982,478
2028,regular,1983,538
2028,regular,1984,582
2028,regular,1985,626
2029,small,1982,559
2029,small,1983,545
2029,small,1984,550
2029,small,1985,614
2030,small,1982,626
2030,small,1983,578
2030,small,1984,626
2030,small,1985,725
2031,small,1982,602
2031,small,1983,557
2031,small,1984,639
2031,small,1985,680
2032,small,1982,454
2032,small,1983,538
2032,small,1984,632
2032,small,1985,667
2033,small,1982,559
2033,small,1983,653
2033,small,1984,674
2033,small,1985,670
2034,small,1982,547
2034,small,1983,592
2034,small,1984,611
2034,small,1985,676
2035,regular,1982,528
2035,regular,1983,584
2035,regular,1984,626
2035,regular,1985,749
2036,small,1982,528
2036,small,1983,601
2036,small,1984,626
2036,small,1985,697
2037,small,1982,463
2037,small,1984,590
2037,small,1985,635
2038,small,1982,520
2038,small,1983,584
2038,small,1984,626
2038,small,1985,725
2039,small,1982,513
2039,small,1983,535
2039,small,1984,577
2039,small,1985,670
2040,small,1982,478
2040,small,1983,529
2040,small,1984,563
2040,small,1985,587
2041,small,1982,473
2041,small,1983,500
2042,small,1982,494
2042,small,1983,523
2042,small,1984,561
2042,small,1985,596
2043,regular,1982,494
2043,regular,1983,535
2043,regular,1984,674
2043,regular,1985,656
2044,regular,1982,494
2044,regular,1983,549
2044,regular,1984,639
2044,regular,1985,688
2045,regular,1983,612
2045,regular,1984,611
2045,regular,1985,645
2046,small,1982,559
2046,small,1983,545
2046,small,1984,659
2046,small,1985,684
2047,small,1982,513
2047,small,1983,549
2047,small,1984,611
2047,small,1985,654
2048,small,1982,449
2048,small,1983,545
2048,small,1984,572
2048,small,1985,703
2049,small,1982,473
2049,small,1983,505
2049,small,1984,568
2049,small,1985,622
2050,regular,1982,528
2050,regular,1983,542
2050,regular,1984,587
2050,regular,1985,636
2051,regular,1982,484
2051,regular,1983,562
2051,regular,1984,590
2051,regular,1985,596
2052,small,1982,513
2052,small,1983,553
2052,small,1984,590
2052,small,1985,697
2053,small,1982,559
2053,small,1983,562
2053,small,1984,626
2053,small,1985,688
2054,small,1982,506
2054,small,1983,584
2054,small,1984,632
2054,small,1985,659
2055,small,1982,513
2055,small,1983,557
2055,small,1984,587
2055,small,1985,651
2056,small,1982,520
2056,small,1983,542
2056,small,1984,615
2056,small,1985,645
2057,small,1982,494
2057,small,1983,627
2057,small,1984,659
2057,small,1985,688
2058,small,1982,454
2058,small,1983,518
2058,small,1984,528
2058,small,1985,628
2059,small,1982,473
2059,small,1983,518
2059,small,1984,579
2059,small,1985,601
2060,small,1982,494
2060,small,1983,545
2060,small,1984,626
2060,small,1985,610
2061,small,1982,468
2061,small,1983,520
2061,small,1984,590
2061,small,1985,654
2062,regular,1982,468
2062,regular,1983,470
2062,regular,1984,525
2063,small,1982,500
2063,small,1983,572
2063,small,1984,626
2063,small,1985,664
2064,regular,1982,576
2064,regular,1983,592
2064,regular,1984,674
2064,regular,1985,664
2065,small,1982,506
2065,small,1983,529
2065,small,1984,577
2065,small,1985,647
2066,regular,1982,444
2066,regular,1983,505
2066,regular,1984,552
2066,regular,1985,617
2067,small,1982,528
2067,small,1983,567
2067,small,1984,626
2067,small,1985,688
2068,small,1983,557
2068,small,1984,590
2068,small,1985,664
2069,small,1982,602
2069,small,1983,653
2069,small,1984,648
2069,small,1985,736
2070,small,1982,559
2070,small,1983,584
2070,small,1984,615
2070,small,1985,703
2071,small,1982,626
2071,small,1983,601
2071,small,1984,596
2071,small,1985,659
2072,small,1982,478
2072,small,1983,515
2072,small,1984,546
2072,small,1985,602
2073,regular,1982,520
2073,regular,1983,535
2073,regular,1984,590
2073,regular,1985,639
2074,small,1982,520
2074,small,1983,553
2074,small,1984,593
2074,small,1985,667
2075,small,1982,489
2075,small,1983,572
2075,small,1984,572
2075,small,1985,631
2076,small,1982,484
2076,small,1983,532
2076,small,1984,639
2076,small,1985,725
2077,small,1983,549
2077,small,1984,536
2077,small,1985,601
2078,small,1982,602
2078,small,1983,601
2078,small,1984,699
2078,small,1985,751
2079,regular,1982,454
2079,regular,1983,495
2079,regular,1984,626
2079,regular,1985,605
2080,small,1982,520
2080,small,1983,515
2080,small,1984,584
2080,small,1985,619
2081,small,1982,536
2081,small,1983,584
2081,small,1984,659
2081,small,1985,673
2082,small,1982,536
2082,small,1983,584
2082,small,1984,603
2082,small,1985,645
2083,small,1982,500
2083,small,1983,572
2083,small,1984,659
2083,small,1985,703
2084,regular,1982,449
2084,regular,1983,532
2084,regular,1984,611
2084,regular,1985,588
2085,small,1982,473
2085,small,1983,518
2085,small,1985,639
2086,regular,1982,418
2086,regular,1983,493
2086,regular,1984,572
2086,regular,1985,561
2087,regular,1982,500
2087,regular,1983,538
2087,regular,1984,572
2087,regular,1985,631
2088,regular,1982,576
2088,regular,1983,562
2088,regular,1984,659
2088,regular,1985,656
2089,regular,1982,547
2089,regular,1983,572
2089,regular,1984,639
2089,regular,1985,645
2090,regular,1982,520
2090,regular,1983,572
2090,regular,1984,674
2090,regular,1985,656
2091,regular,1982,484
2091,regular,1983,538
2091,regular,1984,568
2091,regular,1985,601
2092,regular,1982,506
2092,regular,1983,465
2092,regular,1984,556
2092,regular,1985,585
2093,regular,1982,520
2093,regular,1983,542
2093,regular,1984,639
2094,regular,1982,444
2094,regular,1983,474
2094,regular,1984,559
2094,regular,1985,588
2095,small,1982,494
2095,small,1983,532
2095,small,1984,579
2095,small,1985,621
2096,small,1982,500
2096,small,1983,653
2096,small,1984,615
2096,small,1985,664
2097,small,1983,472
2097,small,1984,538
2097,small,1985,639
2098,regular,1982,473
2098,regular,1983,490
2098,regular,1984,531
2098,regular,1985,588
2099,small,1982,459
2099,small,1983,477
2099,small,1984,528
2099,small,1985,583
2100,small,1982,489
2100,small,1983,518
2100,small,1984,582
2100,small,1985,639
2101,small,1982,494
2101,small,1983,490
2101,small,1984,599
2101,small,1985,656
2102,regular,1982,418
2102,regular,1983,584
2102,regular,1984,593
2102,regular,1985,598
2103,small,1982,528
2103,small,1983,578
2103,small,1984,593
2103,small,1985,631
2104,small,1983,601
2104,small,1984,659
2104,small,1985,647
2105,small,1982,528
2105,small,1983,592
2105,small,1984,611
2105,small,1985,688
2106,small,1982,602
2106,small,1983,612
2106,small,1984,626
2106,small,1985,703
2107,small,1982,500
2107,small,1983,495
2107,small,1984,546
2107,small,1985,621
2108,small,1982,506
2108,small,1983,545
2108,small,1984,574
2108,small,1985,647
2109,small,1982,602
2109,small,1983,584
2109,small,1984,599
2109,small,1985,680
2110,regular,1982,520
2110,regular,1983,572
2110,regular,1984,639
2110,regular,1985,660
2111,small,1982,484
2111,small,1983,490
2111,small,1984,587
2111,small,1985,664
2112,small,1982,602
2112,small,1983,592
2112,small,1984,674
2112,small,1985,670
2113,regular,1982,473
2113,regular,1983,578
2113,regular,1984,639
2113,regular,1985,669
2114,small,1982,468
2114,small,1983,529
2114,small,1984,523
2114,small,1985,680
2115,regular,1982,513
2115,regular,1983,578
2115,regular,1984,603
2115,regular,1985,621
2116,regular,1982,449
2116,regular,1983,497
2116,regular,1984,563
2116,regular,1985,623
2117,small,1982,478
2117,small,1983,592
2117,small,1985,643
2118,small,1982,429
2118,small,1984,525
2118,small,1985,592
2119,small,1982,602
2119,small,1983,557
2119,small,1984,639
2119,small,1985,673
2120,small,1982,520
2120,small,1983,549
2120,small,1984,607
2120,small,1985,649
2121,regular,1982,454
2121,regular,1983,493
2121,regular,1984,593
2121,regular,1985,591
2122,small,1982,520
2122,small,1983,497
2122,small,1984,574
2122,small,1985,604
2123,small,1982,484
2123,small,1983,592
2123,small,1984,639
2123,small,1985,697
2124,regular,1982,513
2124,regular,1983,578
2124,regular,1984,607
2124,regular,1985,681
2125,small,1982,602
2125,small,1983,538
2125,small,1984,603
2125,small,1985,684
2126,regular,1982,520
2126,regular,1983,526
2126,regular,1984,587
2126,regular,1985,621
2127,regular,1982,494
2127,regular,1983,523
2127,regular,1984,648
2127,regular,1985,603
2128,small,1982,454
2128,small,1983,545
2128,small,1984,584
2128,small,1985,643
2129,regular,1982,528
2129,regular,1983,627
2129,regular,1984,599
2129,regular,1985,664
2130,small,1982,500
2130,small,1983,538
2130,small,1984,582
2130,small,1985,639
2131,regular,1982,459
2131,regular,1983,518
2131,regular,1984,579
2131,regular,1985,645
2132,small,1982,513
2132,small,1983,562
2132,small,1984,599
2132,small,1985,611
2133,small,1982,520
2133,small,1983,601
2133,small,1984,568
2133,small,1985,680
2134,small,1982,459
2134,small,1983,495
2134,small,1984,577
2134,small,1985,633
2135,small,1982,468
2135,small,1983,567
2135,small,1984,620
2135,small,1985,697
2136,regular,1982,536
2136,regular,1983,562
2136,regular,1984,568
2136,regular,1985,645
2137,regular,1982,484
2137,regular,1983,538
2137,regular,1984,579
2137,regular,1985,611
2138,small,1982,547
2138,small,1983,584
2138,small,1984,639
2138,small,1985,736
2139,small,1982,489
2139,small,1983,572
2139,small,1984,603
2139,small,1985,624
2140,small,1983,553
2140,small,1985,651
2141,small,1982,520
2141,small,1983,601
2141,small,1984,699
2141,small,1985,716
2142,small,1982,528
2142,small,1983,538
2142,small,1984,615
2142,small,1985,651
2143,regular,1982,576
2143,regular,1983,676
2143,regular,1984,659
2143,regular,1985,648
2144,regular,1982,459
2144,regular,1983,549
2144,regular,1984,620
2144,regular,1985,660
2145,small,1982,536
2145,small,1983,601
2145,small,1984,607
2145,small,1985,688
2146,small,1982,484
2146,small,1983,557
2146,small,1984,590
2146,small,1985,667
2147,small,1982,547
2147,small,1983,612
2147,small,1985,725
2148,small,1982,494
2148,small,1983,562
2148,small,1984,632
2148,small,1985,645
2149,small,1982,489
2149,small,1983,515
2149,small,1984,590
2149,small,1985,616
2150,small,1982,506
2150,small,1983,529
2150,small,1984,632
2150,small,1985,692
2151,small,1982,500
2151,small,1983,627
2151,small,1984,615
2151,small,1985,676
2152,small,1982,536
2152,small,1983,601
2152,small,1984,632
2152,small,1985,703
2153,small,1982,506
2153,small,1983,507
2153,small,1984,626
2153,small,1985,654
2154,small,1982,513
2154,small,1983,612
2154,small,1984,620
2154,small,1985,645
2155,regular,1982,559
2155,regular,1983,584
2155,regular,1984,639
2155,regular,1985,708
2156,small,1982,449
2156,small,1983,481
2156,small,1984,500
2157,small,1982,444
2157,small,1983,510
2158,small,1982,478
2158,small,1983,553
2158,small,1984,626
2158,small,1985,673
2159,small,1982,489
2159,small,1983,472
2159,small,1984,525
2159,small,1985,619
2160,small,1982,559
2160,small,1983,481
2160,small,1984,514
2160,small,1985,608
2161,small,1982,506
2161,small,1983,612
2161,small,1984,674
2162,small,1983,627
2162,small,1984,674
2162,small,1985,697
2163,small,1982,547
2163,small,1983,481
2163,small,1984,563
2163,small,1985,614
2164,regular,1983,526
2164,regular,1984,536
2164,regular,1985,615
2165,small,1982,602
2165,small,1983,653
2165,small,1984,607
2165,small,1985,688
2166,regular,1982,484
2166,regular,1983,529
2166,regular,1985,611
2167,small,1982,559
2167,small,1983,572
2167,small,1984,543
2167,small,1985,624
2168,small,1982,528
2168,small,1983,526
2168,small,1985,670
2169,regular,1982,489
2169,regular,1983,538
2169,regular,1984,626
2169,regular,1985,598
2170,small,1982,478
2170,small,1983,553
2170,small,1984,607
2170,small,1985,649
2171,regular,1982,444
2171,regular,1983,490
2171,regular,1984,587
2171,regular,1985,591
2172,regular,1983,542
2172,regular,1984,565
2172,regular,1985,615
2173,regular,1982,459
2173,regular,1983,507
2173,regular,1984,565
2173,regular,1985,594
2174,small,1982,602
2174,small,1983,538
2174,small,1984,596
2174,small,1985,649
2175,small,1982,547
2175,small,1983,545
2175,small,1984,615
2175,small,1985,703
2176,small,1982,513
2176,small,1983,592
2176,small,1984,648
2176,small,1985,656
2177,regular,1982,536
2177,regular,1984,570
2177,regular,1985,631
2178,small,1982,459
2178,small,1983,488
2178,small,1984,579
2178,small,1985,590
2179,small,1982,520
2179,small,1983,627
2179,small,1984,639
2179,small,1985,692
2180,small,1982,506
2180,small,1983,532
2180,small,1984,603
2180,small,1985,670
2181,small,1983,535
2181,small,1984,611
2181,small,1985,709
2182,small,1982,559
2182,small,1983,612
2182,small,1984,632
2182,small,1985,659
2183,small,1982,547
2183,small,1983,612
2183,small,1984,611
2183,small,1985,688
2184,small,1982,463
2184,small,1983,529
2184,small,1985,635
2185,small,1982,536
2185,small,1983,676
2185,small,1984,648
2185,small,1985,688
2186,regular,1982,478
2186,regular,1983,562
2186,regular,1984,620
2186,regular,1985,669
2187,regular,1982,444
2187,regular,1983,542
2187,regular,1984,574
2187,regular,1985,675
2188,small,1982,506
2188,small,1983,526
2188,small,1984,548
2188,small,1985,624
2189,small,1982,559
2189,small,1983,578
2189,small,1984,632
2189,small,1985,725
2190,regular,1982,494
2190,regular,1983,518
2190,regular,1984,570
2190,regular,1985,656
2191,small,1982,489
2191,small,1983,562
2191,small,1984,572
2191,small,1985,621
2192,small,1982,494
2192,small,1983,532
2192,small,1984,590
2192,small,1985,659
2193,regular,1982,500
2193,regular,1983,474
2193,regular,1984,525
2193,regular,1985,541
2194,small,1982,559
2194,small,1983,592
2194,small,1984,626
2194,small,1985,697
2195,small,1982,484
2195,small,1983,549
2195,small,1984,587
2195,small,1985,637
2196,small,1982,429
2196,small,1983,545
2196,small,1984,582
2196,small,1985,616
2197,small,1982,576
2197,small,1983,592
2197,small,1984,648
2197,small,1985,716
2198,regular,1982,494
2198,regular,1983,572
2198,regular,1984,639
2198,regular,1985,675
2199,small,1982,626
2199,small,1983,627
2199,small,1984,659
2199,small,1985,703
2200,regular,1983,526
2200,regular,1984,590
2201,small,1982,576
2201,small,1983,592
2201,small,1984,699
2201,small,1985,654
2202,small,1982,513
2202,small,1983,481
2202,small,1984,611
2202,small,1985,629
2203,small,1982,528
2203,small,1983,627
2203,small,1984,620
2203,small,1985,649
2204,regular,1982,528
2204,regular,1983,572
2204,regular,1984,615
2204,regular,1985,652
2205,small,1982,513
2205,small,1983,553
2205,small,1984,563
2205,small,1985,684
2206,regular,1982,473
2206,regular,1983,535
2206,regular,1984,561
2206,regular,1985,579
2207,small,1982,484
2207,small,1983,532
2207,small,1984,568
2207,small,1985,647
2208,small,1983,535
2208,small,1984,590
2208,small,1985,643
2209,small,1982,439
2209,small,1983,526
2209,small,1984,565
2209,small,1985,643
2210,small,1982,513
2210,small,1983,572
2210,small,1984,572
2210,small,1985,593
2211,small,1982,439
2211,small,1983,490
2211,small,1984,494
2211,small,1985,574
2212,small,1982,506
2212,small,1983,545
2212,small,1984,632
2212,small,1985,697
2213,small,1982,489
2213,small,1983,529
2213,small,1984,611
2213,small,1985,684
2214,small,1982,506
2214,small,1983,557
2214,small,1984,603
2214,small,1985,684
2215,small,1982,449
2215,small,1983,520
2215,small,1984,543
2215,small,1985,583
2216,regular,1982,506
2216,regular,1983,538
2216,regular,1984,563
2217,small,1983,538
2217,small,1984,607
2217,small,1985,659
2218,small,1982,444
2218,small,1983,484
2218,small,1984,554
2218,small,1985,643
2219,small,1982,528
2219,small,1983,627
2219,small,1984,659
2219,small,1985,716
2220,small,1982,484
2220,small,1983,553
2220,small,1984,565
2220,small,1985,645
2221,small,1982,468
2221,small,1983,549
2221,small,1984,554
2221,small,1985,619
2222,small,1982,559
2222,small,1983,584
2222,small,1984,648
2222,small,1985,703
2223,regular,1982,513
2223,regular,1983,557
2223,regular,1984,611
2223,regular,1985,648
